{
    "player": {
        "pos": [100, 590],
        "size": [40, 60],
        "color": [255, 0, 0]
    },
    "map": {
        "size": [3000, 720],
        "target": [
            {
                "name": "t0",
                "pos": [2800, 400],
                "size": [100, 250],
                "color": [240, 230, 140]
            }
        ],
        "coin": [
            {
                "name": "c0",
                "pos": [1900, 615],
                "size": [10, 10],
                "color": [255, 215, 0],
                "update": ["name"]
            },
            {
                "name": "c1",
                "pos": [2000, 615],
                "size": [10, 10],
                "color": [255, 215, 0],
                "update": ["name"]
            },
            {
                "name": "c2",
                "pos": [2100, 615],
                "size": [10, 10],
                "color": [255, 215, 0],
                "update": ["name"]
            }
        ],
        "switch": [
        ],
        "monster": [
            {
                "name": "m0",
                "track": [
                    {
                        "pos": [1210, 590],
                        "speed": [1, 0]
                    },
                    {
                        "pos": [1500, 590],
                        "speed": [-1, 0]
                    }
                ],
                "size": [40, 60],
                "color": [50, 205, 50],
                "update": ["pos"]
            }
        ],
        "elevator" : [
        ],
        "obstacle": [
            {
                "name": "o-ground",
                "pos": [0, 650],
                "size": [3000, 70],
                "color": [0, 0, 128]
            },
            {
                "name": "o-jump",
                "pos": [600, 550],
                "size": [250, 100],
                "color": [0, 0, 128]
            },
            {
                "name": "o-jump2",
                "pos": [850, 600],
                "size": [100, 50],
                "color": [0, 0, 128]
            }
        ],
        "description": [
            {
                "name": "d-move",
                "pos": [50, 400],
                "text": ["PRESS A AND D TO MOVE", "BACKWARD AND FORWARD"],
                "font": ["uasquared", 20],
                "color": [128, 128, 128]
            },
            {
                "name": "d-jump",
                "pos": [500, 400],
                "text": ["PRESS W TO JUMP"],
                "font": ["uasquared", 20],
                "color": [128, 128, 128]
            },
            {
                "name": "d-monster",
                "pos": [1200, 400],
                "text": ["BEWARE OF THE MONSTER ON PATROL"],
                "font": ["uasquared", 20],
                "color": [128, 128, 128]
            },
            {
                "name": "d-coin",
                "pos": [1870, 400],
                "text": ["WALK TO COLLECT THE COINS"],
                "font": ["uasquared", 20],
                "color": [128, 128, 128]
            },
            {
                "name": "d-target",
                "pos": [2600, 270],
                "text": ["REACH THE TARGET", "TO WIN THE GAME"],
                "font": ["uasquared", 20],
                "color": [128, 128, 128]
            }
        ]
    }
}