{
    "player": {
        "pos": [150, 4890],
        "pos-1": [1600, 3000],
        "pos-2": [2000, 4890],
        "pos-3": [2800, 2590],
        "size": [40, 60],
        "color": [255, 0, 0]
    },
    "map": {
        "size": [4000, 5000],
        "target": [
            {
                "name": "t0",
                "pos": [3800, 100],
                "size": [100, 250],
                "color": [240, 230, 140]
            }
        ],
        "coin": [
            {
                "name": "c0",
                "pos": [3255, 4595],
                "size": [10, 10],
                "color": [255, 215, 0],
                "update": ["name"]
            },
            {
                "name": "c1",
                "pos": [0, 0],
                "size": [10, 10],
                "color": [255, 215, 0],
                "update": ["name"]
            },
            {
                "name": "c2",
                "pos": [0, 0],
                "size": [10, 10],
                "color": [255, 215, 0],
                "update": ["name"]
            }
        ],
        "switch": [
            {
                "name": "s-alpha",
                "pos": [1055, 3665],
                "size": [30, 30],
                "color": [102, 255, 178],
                "command": {
                    "close": [
                        ["state", "open"],
                        ["color", [62, 195, 128]],
                        ["if", ["object", "e1-1", "pos", "[1670, 4200]"], [
                            ["object", "e1-1", "speed", "[0, -2]"],
                            ["object", "e1-1", "update_speed", "False"]
                        ]]
                    ],
                    "open": [
                        ["state", "open"]
                    ],
                    "auto": [
                        ["state", "close"],
                        ["color", [102, 255, 178]]
                    ]
                },
                "update": ["color"]
            },
            {
                "name": "s-beta",
                "pos": [515, 2655],
                "size": [30, 30],
                "color": [102, 255, 178],
                "command": {
                    "close": [
                        ["state", "open"],
                        ["color", [62, 195, 128]],
                        ["object", "e2-1", "speed", "[0, 1]"],
                        ["object", "e2-1", "update_speed", "False"]
                    ],
                    "open": [
                        ["state", "open"]
                    ]
                },
                "update": ["color"]
            },
            {
                "name": "s-gamma",
                "pos": [3055, 3885],
                "size": [30, 30],
                "color": [102, 255, 178],
                "command": {
                    "close": [
                        ["state", "open"],
                        ["color", [62, 195, 128]],
                        ["remove", "o-block-1"]
                    ],
                    "open": [
                        ["state", "open"]
                    ]
                },
                "update": ["color"]
            }
        ],
        "monster": [
            {
                "name": "m1-lava-0",
                "track": [
                    {
                        "pos": [750, 3470],
                        "speed": [0, 0]
                    }
                ],
                "size": [450, 100],
                "color": [255, 128, 0]
            },
            {
                "name": "m1-lava-1",
                "track": [
                    {
                        "pos": [920, 2700],
                        "speed": [0, 0]
                    }
                ],
                "size": [80, 770],
                "color": [255, 128, 0]
            },
            {
                "name": "m1-lava-2",
                "track": [
                    {
                        "pos": [840, 2780],
                        "speed": [0, 0]
                    }
                ],
                "size": [80, 690],
                "color": [255, 128, 0]
            },
            {
                "name": "m1-lava-3",
                "track": [
                    {
                        "pos": [2520, 3350],
                        "speed": [0, 0]
                    }
                ],
                "size": [600, 100],
                "color": [255, 128, 0]
            },
            {
                "name": "m1-0",
                "track": [
                    {
                        "pos": [1125, 4160],
                        "speed": [0, -2]
                    },
                    {
                        "pos": [1125, 3950],
                        "speed": [0, 2]
                    }
                ],
                "size": [40, 40],
                "color": [50, 205, 50],
                "update": ["pos"]
            },
            {
                "name": "m1-1",
                "track": [
                    {
                        "pos": [1245, 3950],
                        "speed": [0, 2]
                    },
                    {
                        "pos": [1245, 4160],
                        "speed": [0, -2]
                    }
                ],
                "size": [40, 40],
                "color": [50, 205, 50],
                "update": ["pos"]
            },
            {
                "name": "m1-2",
                "track": [
                    {
                        "pos": [1365, 4160],
                        "speed": [0, -2]
                    },
                    {
                        "pos": [1365, 3950],
                        "speed": [0, 2]
                    }
                ],
                "size": [40, 40],
                "color": [50, 205, 50],
                "update": ["pos"]
            },
            {
                "name": "m1-3",
                "track": [
                    {
                        "pos": [1485, 3950],
                        "speed": [0, 2]
                    },
                    {
                        "pos": [1485, 4160],
                        "speed": [0, -2]
                    }
                ],
                "size": [40, 40],
                "color": [50, 205, 50],
                "update": ["pos"]
            },
            {
                "name": "m2-lava-0",
                "track": [
                    {
                        "pos": [3050, 4850],
                        "speed": [0, 0]
                    }
                ],
                "size": [420, 100],
                "color": [255, 128, 0]
            },
            {
                "name": "m2-lava-1",
                "track": [
                    {
                        "pos": [3620, 2850],
                        "speed": [0, 0]
                    }
                ],
                "size": [330, 50],
                "color": [255, 128, 0]
            },
            {
                "name": "m2-0",
                "track": [
                    {
                        "pos": [2450, 4590],
                        "speed": [2, 0]
                    },
                    {
                        "pos": [2860, 4590],
                        "speed": [-2, 0]
                    }
                ],
                "size": [40, 60],
                "color": [50, 205, 50],
                "update": ["pos"]
            },
            {
                "name": "m2-1",
                "track": [
                    {
                        "pos": [2380, 3720],
                        "speed": [6, 0]
                    },
                    {
                        "pos": [2980, 3720],
                        "speed": [0, 6]
                    },
                    {
                        "pos": [2980, 4020],
                        "speed": [-6, 0]
                    },
                    {
                        "pos": [2380, 4020],
                        "speed": [0, -6]
                    }
                ],
                "size": [40, 60],
                "color": [50, 205, 50],
                "update": ["pos"]
            },
            {
                "name": "m2-2",
                "track": [
                    {
                        "pos": [2980, 4020],
                        "speed": [-6, 0]
                    },
                    {
                        "pos": [2380, 4020],
                        "speed": [0, -6]
                    },
                    {
                        "pos": [2380, 3720],
                        "speed": [6, 0]
                    },
                    {
                        "pos": [2980, 3720],
                        "speed": [0, 6]
                    }
                ],
                "size": [40, 60],
                "color": [50, 205, 50],
                "update": ["pos"]
            }
        ],
        "elevator" : [
            {
                "name": "e1-0",
                "track": [
                    {
                        "pos": [60, 4550],
                        "speed": [0, -1]
                    },
                    {
                        "pos": [60, 4050],
                        "speed": [0, 1]
                    }
                ],
                "size": [130, 40],
                "color": [0, 0, 128],
                "update": ["pos"]
            },
            {
                "name": "e1-1",
                "track": [
                    {
                        "pos": [1670, 4200],
                        "speed": [0, 0]
                    },
                    {
                        "pos": [1670, 3220],
                        "speed": [0, 2]
                    }
                ],
                "size": [280, 40],
                "color": [0, 0, 128],
                "update": ["pos"]
            },
            {
                "name": "e2-0",
                "track": [
                    {
                        "pos": [3700, 3460],
                        "speed": [0, -4]
                    },
                    {
                        "pos": [3700, 2900],
                        "speed": [0, 4]
                    }
                ],
                "size": [200, 40],
                "color": [0, 0, 128],
                "update": ["pos"]
            },
            {
                "name": "e2-1",
                "track": [
                    {
                        "pos": [2720, 2660],
                        "speed": [0, 0]
                    },
                    {
                        "pos": [2720, 3100],
                        "speed": [0, 0]
                    }
                ],
                "size": [210, 40],
                "color": [0, 0, 128],
                "update": ["pos"]
            }
        ],
        "obstacle": [
            {
                "name": "o-wall-top",
                "pos": [0, 0],
                "size": [4000, 50],
                "color": [0, 0, 128]
            },
            {
                "name": "o-wall-bottom",
                "pos": [0, 4950],
                "size": [4000, 50],
                "color": [0, 0, 128]
            },
            {
                "name": "o-wall-left",
                "pos": [0, 50],
                "size": [50, 4900],
                "color": [0, 0, 128]
            },
            {
                "name": "o-wall-right",
                "pos": [3950, 50],
                "size": [50, 4900],
                "color": [0, 0, 128]
            },
            {
                "name": "o-border-12-34",
                "pos": [250, 2400],
                "size": [3500, 50],
                "color": [0, 0, 128]
            },
            {
                "name": "o-border-1-2",
                "pos": [1975, 2450],
                "size": [50, 2300],
                "color": [0, 0, 128]
            },
            {
                "name": "o-border-3-4",
                "pos": [1975, 50],
                "size": [50, 1725],
                "color": [0, 0, 128]
            },
            {
                "name": "o-block-1",
                "pos": [50, 2415],
                "size": [200, 20],
                "color": [0, 0, 192],
                "update": ["name"]
            },
            {
                "name": "o1-0-0",
                "pos": [750, 4850],
                "size": [900, 100],
                "color": [0, 0, 128]
            },
            {
                "name": "o1-0-1",
                "pos": [400, 4750],
                "size": [1250, 100],
                "color": [0, 0, 128]
            },
            {
                "name": "o1-0-2",
                "pos": [580, 4650],
                "size": [1070, 100],
                "color": [0, 0, 128]
            },
            {
                "name": "o1-0-3",
                "pos": [580, 4450],
                "size": [820, 200],
                "color": [0, 0, 128]
            },
            {
                "name": "o1-0-4",
                "pos": [580, 4200],
                "size": [1070, 250],
                "color": [0, 0, 128]
            },
            {
                "name": "o1-1-0",
                "pos": [200, 4550],
                "size": [150, 50],
                "color": [0, 0, 128]
            },
            {
                "name": "o1-1-1",
                "pos": [270, 4600],
                "size": [80, 80],
                "color": [0, 0, 128]
            },
            {
                "name": "o1-1-2",
                "pos": [200, 4020],
                "size": [100, 30],
                "color": [0, 0, 128]
            },
            {
                "name": "o1-1-3",
                "pos": [200, 4050],
                "size": [250, 50],
                "color": [0, 0, 128]
            },
            {
                "name": "o1-1-4",
                "pos": [400, 4100],
                "size": [50, 200],
                "color": [0, 0, 128]
            },
            {
                "name": "o1-2-0",
                "pos": [50, 3650],
                "size": [700, 80],
                "color": [0, 0, 128]
            },
            {
                "name": "o1-2-1",
                "pos": [750, 3650],
                "size": [50, 300],
                "color": [0, 0, 128]
            },
            {
                "name": "o1-2-2",
                "pos": [1000, 3900],
                "size": [100, 50],
                "color": [0, 0, 128]
            },
            {
                "name": "o1-2-3",
                "pos": [1100, 3650],
                "size": [550, 300],
                "color": [0, 0, 128]
            },
            {
                "name": "o1-3-0",
                "pos": [700, 3570],
                "size": [950, 80],
                "color": [0, 0, 128]
            },
            {
                "name": "o1-3-1",
                "pos": [1200, 3170],
                "size": [100, 400],
                "color": [0, 0, 128]
            },
            {
                "name": "o1-3-2",
                "pos": [1300, 3170],
                "size": [250, 50],
                "color": [0, 0, 128]
            },
            {
                "name": "o1-3-3",
                "pos": [1550, 3170],
                "size": [100, 400],
                "color": [0, 0, 128]
            },
            {
                "name": "o1-3-4",
                "pos": [50, 3220],
                "size": [300, 50],
                "color": [0, 0, 128]
            },
            {
                "name": "o1-3-5",
                "pos": [300, 3270],
                "size": [50, 200],
                "color": [0, 0, 128]
            },
            {
                "name": "o1-3-6",
                "pos": [350, 3420],
                "size": [400, 50],
                "color": [0, 0, 128]
            },
            {
                "name": "o1-3-7",
                "pos": [700, 3470],
                "size": [50, 100],
                "color": [0, 0, 128]
            },
            {
                "name": "o1-3-8",
                "pos": [1200, 3140],
                "size": [100, 30],
                "color": [0, 0, 128]
            },
            {
                "name": "o1-4-0",
                "pos": [450, 2700],
                "size": [300, 620],
                "color": [0, 0, 128]
            },
            {
                "name": "o1-4-1",
                "pos": [450, 2450],
                "size": [50, 250],
                "color": [0, 0, 128]
            },
            {
                "name": "o1-4-2",
                "pos": [50, 2800],
                "size": [300, 250],
                "color": [0, 0, 128]
            },
            {
                "name": "o1-4-3",
                "pos": [1000, 2700],
                "size": [200, 150],
                "color": [0, 0, 128]
            },
            {
                "name": "o1-5-0",
                "pos": [1650, 2450],
                "size": [325, 350],
                "color": [0, 0, 128]
            },
            {
                "name": "o2-0-0",
                "pos": [2300, 4650],
                "size": [750, 300],
                "color": [0, 0, 128]
            },
            {
                "name": "o2-0-1",
                "pos": [3470, 4650],
                "size": [480, 300],
                "color": [0, 0, 128]
            },
            {
                "name": "o2-0-2",
                "pos": [3800, 4250],
                "size": [150, 400],
                "color": [0, 0, 128]
            },
            {
                "name": "o2-1-0",
                "pos": [2300, 4100],
                "size": [1350, 250],
                "color": [0, 0, 128]
            },
            {
                "name": "o2-1-1",
                "pos": [3100, 3800],
                "size": [550, 300],
                "color": [0, 0, 128]
            },
            {
                "name": "o2-1-2",
                "pos": [3100, 3700],
                "size": [470, 100],
                "color": [0, 0, 128]
            },
            {
                "name": "o2-1-3",
                "pos": [2300, 3450],
                "size": [1270, 250],
                "color": [0, 0, 128]
            },
            {
                "name": "o2-1-4",
                "pos": [2320, 3250],
                "size": [200, 200],
                "color": [0, 0, 128]
            },
            {
                "name": "o2-1-5",
                "pos": [3120, 3200],
                "size": [450, 250],
                "color": [0, 0, 128]
            },
            {
                "name": "o2-1-6",
                "pos": [2025, 3730],
                "size": [20, 620],
                "color": [0, 0, 128]
            },
            {
                "name": "o2-2-0",
                "pos": [2025, 2450],
                "size": [675, 250],
                "color": [0, 0, 128]
            },
            {
                "name": "o2-2-1",
                "pos": [2950, 2650],
                "size": [1000, 50],
                "color": [0, 0, 128]
            },
            {
                "name": "o2-2-2",
                "pos": [3620, 2700],
                "size": [330, 150],
                "color": [0, 0, 128]
            }
        ],
        "description": [
            {
                "name": "d0",
                "pos": [2770, 2550],
                "text": ["WRONG WAY!"],
                "font": ["uasquared", 25],
                "color": [128, 128, 128]
            },
            {
                "name": "d0",
                "pos": [3800, 2552],
                "text": ["JUST KIDDING"],
                "font": ["uasquared", 20],
                "color": [128, 128, 128]
            }
        ]
    }
}