{
    "player": {
        "pos": [40, 590],
        "size": [40, 60],
        "color": [255, 0, 0]
    },
    "map": {
        "size": [3000, 720],
        "target": [
            {
                "name": "t0",
                "pos": [2800, 400],
                "size": [100, 250],
                "color": [240, 230, 140]
            }
        ],
        "coin" : [
            {
                "name": "c0",
                "pos": [1250, 395],
                "size": [10, 10],
                "color": [255, 215, 0],
                "update": ["name"]
            },
            {
                "name": "c1",
                "pos": [1250, 195],
                "size": [10, 10],
                "color": [255, 215, 0],
                "update": ["name"]
            },
            {
                "name": "c2",
                "pos": [2195, 200],
                "size": [10, 10],
                "color": [255, 215, 0],
                "update": ["name"]
            }
        ],
        "switch": [
            {
                "name": "s0",
                "pos": [1150, 385],
                "size": [30, 30],
                "color": [102, 255, 178],
                "command": {
                    "close": [
                        ["state", "open"],
                        ["color", [62, 195, 128]],
                        ["remove", "o2-block-bottom"]
                    ],
                    "open": [
                        ["state", "open"]
                    ]
                },
                "update": ["color"]
            },
            {
                "name": "s1",
                "pos": [1150, 185],
                "size": [30, 30],
                "color": [102, 255, 178],
                "command": {
                    "close": [
                        ["state", "open"],
                        ["color", [62, 195, 128]],
                        ["remove", "o2-block-top"]
                    ],
                    "open": [
                        ["state", "open"]
                    ]
                },
                "update": ["color"]
            },
            {
                "name": "s2",
                "pos": [1920, 235],
                "size": [30, 30],
                "color": [102, 255, 178],
                "command": {
                    "close": [
                        ["state", "open"],
                        ["color", [62, 195, 128]],
                        ["remove", "o3-block"]
                    ],
                    "open": [
                        ["state", "open"]
                    ]
                },
                "update": ["color"]
            },
            {
                "name": "s3",
                "pos": [1920, 35],
                "size": [30, 30],
                "color": [102, 255, 178],
                "command": {
                    "close": [
                        ["state", "open"],
                        ["color", [62, 195, 128]],
                        ["remove", "o1-block"]
                    ],
                    "open": [
                        ["state", "open"]
                    ]
                },
                "update": ["color"]
            }
        ],
        "monster": [
            {
                "name": "m0",
                "track": [
                    {
                        "pos": [550, 600],
                        "speed": [0, 0]
                    }
                ],
                "size": [200, 50],
                "color": [255, 128, 0],
                "update": ["pos"]
            },
            {
                "name": "m1",
                "track": [
                    {
                        "pos": [1400, 590],
                        "speed": [-1, 0]
                    },
                    {
                        "pos": [910, 590],
                        "speed": [1, 0]
                    }
                ],
                "size": [40, 60],
                "color": [50, 205, 50],
                "update": ["pos"]
            }
        ],
        "elevator" : [
            {
                "name": "e0",
                "track": [
                    {
                        "pos": [1520, 500],
                        "speed": [0, -1]
                    },
                    {
                        "pos": [1520, 200],
                        "speed": [0, 1]
                    }
                ],
                "size": [160, 40],
                "color": [0, 0, 128],
                "update": ["pos"]
            }
        ],
        "obstacle": [
            {
                "name": "o-ground",
                "pos": [0, 650],
                "size": [3000, 70],
                "color": [0, 0, 128]
            },
            {
                "name": "o-ceiling",
                "pos": [0, -10],
                "size": [3000, 10],
                "color": [0, 0, 128]
            },
            {
                "name": "o0-left",
                "pos": [400, 550],
                "size": [150, 100],
                "color": [0, 0, 128]
            },
            {
                "name": "o0-right",
                "pos": [750, 550],
                "size": [150, 100],
                "color": [0, 0, 128]
            },
            {
                "name": "o1-top",
                "pos": [1000, -100],
                "size": [400, 250],
                "color": [0, 0, 128]
            },
            {
                "name": "o1-left-top",
                "pos": [1000, 150],
                "size": [100, 100],
                "color": [0, 0, 128]
            },
            {
                "name": "o1-middle",
                "pos": [1000, 250],
                "size": [400, 100],
                "color": [0, 0, 128]
            },
            {
                "name": "o1-left-bottom",
                "pos": [1000, 350],
                "size": [100, 100],
                "color": [0, 0, 128]
            },
            {
                "name": "o1-bottom",
                "pos": [1000, 450],
                "size": [400, 50],
                "color": [0, 0, 128]
            },
            {
                "name": "o1-step",
                "pos": [1350, 500],
                "size": [150, 50],
                "color": [0, 0, 128]
            },
            {
                "name": "o1-block",
                "pos": [1330, 350],
                "size": [20, 100],
                "color": [0, 0, 192],
                "update": ["name"]
            },
            {
                "name": "o2-right",
                "pos": [2000, -100],
                "size": [100, 600],
                "color": [0, 0, 128]
            },
            {
                "name": "o2-block-top",
                "pos": [1750, 0],
                "size": [20, 100],
                "color": [0, 0, 192],
                "update": ["name"]
            },
            {
                "name": "o2-top",
                "pos": [1700, 100],
                "size": [300, 100],
                "color": [0, 0, 128]
            },
            {
                "name": "o2-block-bottom",
                "pos": [1750, 200],
                "size": [20, 100],
                "color": [0, 0, 192],
                "update": ["name"]
            },
            {
                "name": "o2-bottom",
                "pos": [1700, 300],
                "size": [300, 200],
                "color": [0, 0, 128]
            },
            {
                "name": "o3-top",
                "pos": [2300, 0],
                "size": [200, 400],
                "color": [0, 0, 128]
            },
            {
                "name": "o3-bottom",
                "pos": [2300, 600],
                "size": [200, 50],
                "color": [0, 0, 128]
            },
            {
                "name": "o3-block",
                "pos": [2385, 400],
                "size": [30, 200],
                "color": [0, 0, 192],
                "update": ["name"]
            }
        ],
        "description": [
            {
                "name": "d-lava",
                "pos": [550, 430],
                "text": ["JUMP OVER THE LAVA"],
                "font": ["uasquared", 20],
                "color": [128, 128, 128]
            },
            {
                "name": "d-switch",
                "pos": [1430, 180],
                "text": ["BUTTONS CAN ALTER THE", "MAP IN A CERTAIN WAY"],
                "font": ["uasquared", 20],
                "color": [128, 128, 128]
            }
        ]
    }
}