{
    "player": {
        "pos": [40, 590],
        "size": [40, 60],
        "color": [255, 0, 0]
    },
    "map": {
        "size": [3000, 720],
        "target": [
            {
                "name": "t0",
                "pos": [2800, 400],
                "size": [100, 250],
                "color": [240, 230, 140]
            }
        ],
        "coin" : [
        ],
        "switch": [
            {
                "name": "sac",
                "pos": [900, 600],
                "size": [30, 30],
                "color": [102, 255, 178],
                "command": {
                    "close": [
                        ["state", "open"],
                        ["color", [62, 195, 128]],
                        ["remove", "finalblock"]
                    ],
                    "open": [
                        ["state", "open"]
                    ]
                },
                "update": ["color"]
            }
        ],
        "monster": [         
        ],
        "elevator" : [
        ],
        "obstacle": [
            {
                "name":"stair1",
                "pos":[700, 450],
                "size":[50, 200],
                "color":[0,0,128]
            },
            {
                "name": "o-ground",
                "pos": [0, 650],
                "size": [3000, 70],
                "color": [0, 0, 128]
            },
            {
                "name":"wall1",
                "pos":[800, 100],
                "size":[50, 550],
                "color":[0,0,128]
            },
            {
                "name":"wall2",
                "pos":[1000, 100],
                "size":[50, 550],
                "color":[0,0,128]
            },
            {
                "name":"finalblock",
                "pos":[1500, 0],
                "size":[50, 650],
                "color":[0,0,128]
            }
        ]
    }
}