{
    "player": {
        "pos": [[100, 1590]],
        "size": [40, 60],
        "color": [255, 0, 0]
    },
    "map": {
        "size": [2410, 1720],
        "target": [
            {
                "name": "t0",
                "pos": [50, 1200],
                "size": [100, 250],
                "color": [240, 230, 140]
            }
        ],
        "coin": [
            {
                "name": "c0",
                "pos": [1605, 1615],
                "size": [10, 10],
                "color": [255, 215, 0],
                "update": ["name"]
            },
            {
                "name": "c1",
                "pos": [1590, 355],
                "size": [10, 10],
                "color": [255, 215, 0],
                "update": ["name"]
            },
            {
                "name": "c2",
                "pos": [660, 147],
                "size": [10, 10],
                "color": [255, 215, 0],
                "update": ["name"]
            }
        ],
        "switch": [
            {
                "name": "s0",
                "pos": [1150, 1500],
                "size": [30, 30],
                "color": [102, 255, 178],
                "command": {
                    "close": [
                        ["state", "open"],
                        ["color", [62, 195, 128]],
                        ["remove", "oMount7"],
                        ["object", "mCave-Lava3", "speed", "[0, 5]"],
                        ["object", "mCave-Lava3", "update_speed", "False"]
                    ],
                    "open": [
                        ["state", "open"]
                    ]
                },
                "update": ["color"]
            },
            {
                "name": "s1",
                "pos": [1750, 1350],
                "size": [30, 30],
                "color": [102, 255, 178],
                "command": {
                    "close": [
                        ["state", "open"],
                        ["color", [62, 195, 128]],
                        ["object", "e0", "speed", "[0, -2]"],
                        ["object", "e0", "update_speed", "False"]
                    ],
                    "open": [
                        ["state", "open"]
                    ]
                },
                "update": ["color"]
            },
            {
                "name": "s2",
                "pos": [1365, 520],
                "size": [70, 30],
                "color": [102, 255, 178],
                "command": {
                    "close": [
                        ["state", "open"],
                        ["color", [62, 195, 128]],
                        ["if", ["object", "e-jump", "pos", "[1350, 540]"], [
                            ["object", "e-jump", "pos", "[1350, 560]"],
                            ["object", "e-jump", "speed", "[0, -50]"],
                            ["object", "e-jump", "update_speed", "False"]
                        ]]
                    ],
                    "open": [
                        ["state", "open"]
                    ],
                    "auto": [
                        ["state", "close"],
                        ["color", [102, 255, 178]]
                    ]
                },
                "update": ["color"]
            },
            {
                "name": "s3",
                "pos": [655, 650],
                "size": [30, 30],
                "color": [102, 255, 178],
                "command": {
                    "close": [
                        ["state", "open"],
                        ["color", [62, 195, 128]],
                        ["remove", "oMountGate"],
                        ["remove", "mTopLavaGate"]
                    ],
                    "open": [
                        ["state", "open"]
                    ]
                },
                "update": ["color"]
            }
        ],
        "monster": [
            {
                "name": "mMons1",
                "track": [
                    {
                        "pos": [1520, 1590],
                        "speed": [1, 0]
                    },
                    {
                        "pos": [1660, 1590],
                        "speed": [-1, 0]
                    }
                ],
                "size": [40, 60],
                "color": [50, 205, 50],
                "update": ["pos"]
            },
            {
                "name": "mIsland0",
                "track": [
                    {
                        "pos": [220, 280],
                        "speed": [0, 0]
                    }
                ],
                "size": [890, 20],
                "color": [255, 128, 0]
            },
            {
                "name": "mIsland1",
                "track": [
                    {
                        "pos": [220, 30],
                        "speed": [0, 0]
                    }
                ],
                "size": [890, 20],
                "color": [255, 128, 0]
            },
            {
                "name": "mMerry-1",
                "track": [
                    {
                        "pos": [100, 440],
                        "speed": [2, 0]
                    },
                    {
                        "pos": [100, 440],
                        "speed": [2, 0]
                    },
                    {
                        "pos": [1100, 440],
                        "speed": [0, 2]
                    },
                    {
                        "pos": [1100, 840],
                        "speed": [-2, 0]
                    },
                    {
                        "pos": [100, 840],
                        "speed": [0, -2]
                    }
                ],
                "size": [140, 10],
                "color": [255, 128, 0],
                "update": ["pos"]
            },
            {
                "name": "mMerry-2",
                "track": [
                    {
                        "pos": [300, 440],
                        "speed": [2, 0]
                    },
                    {
                        "pos": [100, 440],
                        "speed": [2, 0]
                    },
                    {
                        "pos": [1100, 440],
                        "speed": [0, 2]
                    },
                    {
                        "pos": [1100, 840],
                        "speed": [-2, 0]
                    },
                    {
                        "pos": [100, 840],
                        "speed": [0, -2]
                    }
                ],
                "size": [140, 10],
                "color": [255, 128, 0],
                "update": ["pos"]
            },
            {
                "name": "mMerry-3",
                "track": [
                    {
                        "pos": [500, 440],
                        "speed": [2, 0]
                    },
                    {
                        "pos": [100, 440],
                        "speed": [2, 0]
                    },
                    {
                        "pos": [1100, 440],
                        "speed": [0, 2]
                    },
                    {
                        "pos": [1100, 840],
                        "speed": [-2, 0]
                    },
                    {
                        "pos": [100, 840],
                        "speed": [0, -2]
                    }
                ],
                "size": [140, 10],
                "color": [255, 128, 0],
                "update": ["pos"]
            },
            {
                "name": "mMerry-4",
                "track": [
                    {
                        "pos": [700, 440],
                        "speed": [2, 0]
                    },
                    {
                        "pos": [100, 440],
                        "speed": [2, 0]
                    },
                    {
                        "pos": [1100, 440],
                        "speed": [0, 2]
                    },
                    {
                        "pos": [1100, 840],
                        "speed": [-2, 0]
                    },
                    {
                        "pos": [100, 840],
                        "speed": [0, -2]
                    }
                ],
                "size": [140, 10],
                "color": [255, 128, 0],
                "update": ["pos"]
            },
            {
                "name": "mMerry-5",
                "track": [
                    {
                        "pos": [900, 440],
                        "speed": [2, 0]
                    },
                    {
                        "pos": [100, 440],
                        "speed": [2, 0]
                    },
                    {
                        "pos": [1100, 440],
                        "speed": [0, 2]
                    },
                    {
                        "pos": [1100, 840],
                        "speed": [-2, 0]
                    },
                    {
                        "pos": [100, 840],
                        "speed": [0, -2]
                    }
                ],
                "size": [140, 10],
                "color": [255, 128, 0],
                "update": ["pos"]
            },
            {
                "name": "mMerry-6",
                "track": [
                    {
                        "pos": [1100, 440],
                        "speed": [2, 0]
                    },
                    {
                        "pos": [100, 440],
                        "speed": [2, 0]
                    },
                    {
                        "pos": [1100, 440],
                        "speed": [0, 2]
                    },
                    {
                        "pos": [1100, 840],
                        "speed": [-2, 0]
                    },
                    {
                        "pos": [100, 840],
                        "speed": [0, -2]
                    }
                ],
                "size": [140, 10],
                "color": [255, 128, 0],
                "update": ["pos"]
            },
            {
                "name": "mMerry-7",
                "track": [
                    {
                        "pos": [1100, 640],
                        "speed": [0, 2]
                    },
                    {
                        "pos": [100, 440],
                        "speed": [2, 0]
                    },
                    {
                        "pos": [1100, 440],
                        "speed": [0, 2]
                    },
                    {
                        "pos": [1100, 840],
                        "speed": [-2, 0]
                    },
                    {
                        "pos": [100, 840],
                        "speed": [0, -2]
                    }
                ],
                "size": [140, 10],
                "color": [255, 128, 0],
                "update": ["pos"]
            },
            {
                "name": "mMerry-8",
                "track": [
                    {
                        "pos": [1100, 840],
                        "speed": [-2, 0]
                    },
                    {
                        "pos": [100, 440],
                        "speed": [2, 0]
                    },
                    {
                        "pos": [1100, 440],
                        "speed": [0, 2]
                    },
                    {
                        "pos": [1100, 840],
                        "speed": [-2, 0]
                    },
                    {
                        "pos": [100, 840],
                        "speed": [0, -2]
                    }
                ],
                "size": [140, 10],
                "color": [255, 128, 0],
                "update": ["pos"]
            },
            {
                "name": "mMerry-9",
                "track": [
                    {
                        "pos": [900, 840],
                        "speed": [-2, 0]
                    },
                    {
                        "pos": [100, 440],
                        "speed": [2, 0]
                    },
                    {
                        "pos": [1100, 440],
                        "speed": [0, 2]
                    },
                    {
                        "pos": [1100, 840],
                        "speed": [-2, 0]
                    },
                    {
                        "pos": [100, 840],
                        "speed": [0, -2]
                    }
                ],
                "size": [140, 10],
                "color": [255, 128, 0],
                "update": ["pos"]
            },
            {
                "name": "mMerry-10",
                "track": [
                    {
                        "pos": [700, 840],
                        "speed": [-2, 0]
                    },
                    {
                        "pos": [100, 440],
                        "speed": [2, 0]
                    },
                    {
                        "pos": [1100, 440],
                        "speed": [0, 2]
                    },
                    {
                        "pos": [1100, 840],
                        "speed": [-2, 0]
                    },
                    {
                        "pos": [100, 840],
                        "speed": [0, -2]
                    }
                ],
                "size": [140, 10],
                "color": [255, 128, 0],
                "update": ["pos"]
            },
            {
                "name": "mMerry-11",
                "track": [
                    {
                        "pos": [500, 840],
                        "speed": [-2, 0]
                    },
                    {
                        "pos": [100, 440],
                        "speed": [2, 0]
                    },
                    {
                        "pos": [1100, 440],
                        "speed": [0, 2]
                    },
                    {
                        "pos": [1100, 840],
                        "speed": [-2, 0]
                    },
                    {
                        "pos": [100, 840],
                        "speed": [0, -2]
                    }
                ],
                "size": [140, 10],
                "color": [255, 128, 0],
                "update": ["pos"]
            },
            {
                "name": "mMerry-12",
                "track": [
                    {
                        "pos": [300, 840],
                        "speed": [-2, 0]
                    },
                    {
                        "pos": [100, 440],
                        "speed": [2, 0]
                    },
                    {
                        "pos": [1100, 440],
                        "speed": [0, 2]
                    },
                    {
                        "pos": [1100, 840],
                        "speed": [-2, 0]
                    },
                    {
                        "pos": [100, 840],
                        "speed": [0, -2]
                    }
                ],
                "size": [140, 10],
                "color": [255, 128, 0],
                "update": ["pos"]
            },
            {
                "name": "mMerry-13",
                "track": [
                    {
                        "pos": [100, 840],
                        "speed": [0, -2]
                    },
                    {
                        "pos": [100, 440],
                        "speed": [2, 0]
                    },
                    {
                        "pos": [1100, 440],
                        "speed": [0, 2]
                    },
                    {
                        "pos": [1100, 840],
                        "speed": [-2, 0]
                    },
                    {
                        "pos": [100, 840],
                        "speed": [0, -2]
                    }
                ],
                "size": [140, 10],
                "color": [255, 128, 0],
                "update": ["pos"]
            },
            {
                "name": "mCave-Lava1",
                "track": [
                    {
                        "pos": [550, 1500],
                        "speed": [0, 0]
                    }
                ],
                "size": [250, 50],
                "color": [255, 128, 0]
            },
            {
                "name": "mCave-Lava2",
                "track": [
                    {
                        "pos": [950, 1620],
                        "speed": [0, 0]
                    }
                ],
                "size": [150, 30],
                "color": [255, 128, 0]
            },
            {
                "name": "mCave-Lava3",
                "track": [
                    {
                        "pos": [1150, 1220],
                        "speed": [0, 0]
                    },
                    {
                        "pos": [1150, 1470],
                        "speed": [0, 0]
                    }
                ],
                "size": [100, 100],
                "color": [255, 128, 0],
                "update": ["pos"]
            },
            {
                "name": "mCave-Lava4",
                "track": [
                    {
                        "pos": [1300, 1620],
                        "speed": [0, 0]
                    }
                ],
                "size": [110, 30],
                "color": [255, 128, 0]
            },
            {
                "name": "mCave-Lava5",
                "track": [
                    {
                        "pos": [1910, 1400],
                        "speed": [0, 0]
                    }
                ],
                "size": [400, 250],
                "color": [255, 128, 0],
                "update": ["pos"]
            },
            {
                "name": "mTopLava1",
                "track": [
                    {
                        "pos": [0, 1020],
                        "speed": [0, 0]
                    }
                ],
                "size": [220, 30],
                "color": [255, 128, 0]
            },
            {
                "name": "mTopLavaGate",
                "track": [
                    {
                        "pos": [220, 1020],
                        "speed": [0, 0]
                    }
                ],
                "size": [80, 30],
                "color": [255, 128, 0],
                "update": ["name"]
            },
            {
                "name": "mTopLava3",
                "track": [
                    {
                        "pos": [300, 1020],
                        "speed": [0, 0]
                    }
                ],
                "size": [970, 30],
                "color": [255, 128, 0]
            },
            {
                "name": "mMountLava1",
                "track": [
                    {
                        "pos": [1320, 200],
                        "speed": [0, 0]
                    }
                ],
                "size": [10, 850],
                "color": [255, 128, 0]
            }
        ],
        "elevator" : [
            {
                "name": "e0",
                "track": [
                    {
                        "pos": [2010, 1310],
                        "speed": [0, 0]
                    },
                    {
                        "pos": [2010, 300],
                        "speed": [0, 40]
                    },
                    {
                        "pos": [2010, 2300],
                        "speed": [0, 0]
                    }
                ],
                "size": [200, 40],
                "color": [0, 0, 128],
                "update": ["pos"]
            },
            {
                "name": "ei-0-up",
                "track": [
                    {
                        "pos": [970, 230],
                        "speed": [0, -2]
                    },
                    {
                        "pos": [970, 50],
                        "speed": [0, 2]
                    }
                ],
                "size": [140, 24],
                "color": [0, 0, 128],
                "update": ["pos"]
            },
            {
                "name": "ei-0-down",
                "track": [
                    {
                        "pos": [970, 50],
                        "speed": [0, 2]
                    },
                    {
                        "pos": [970, 230],
                        "speed": [0, -2]
                    }
                ],
                "size": [140, 24],
                "color": [0, 0, 128],
                "update": ["pos"]
            },
            {
                "name": "ei-1-down",
                "track": [
                    {
                        "pos": [820, 140],
                        "speed": [0, 2]
                    },
                    {
                        "pos": [820, 50],
                        "speed": [0, 2]
                    },
                    {
                        "pos": [820, 230],
                        "speed": [0, -2]
                    }
                ],
                "size": [140, 24],
                "color": [0, 0, 128],
                "update": ["pos"]
            },
            {
                "name": "ei-1-up",
                "track": [
                    {
                        "pos": [820, 140],
                        "speed": [0, -2]
                    },
                    {
                        "pos": [820, 50],
                        "speed": [0, 2]
                    },
                    {
                        "pos": [820, 230],
                        "speed": [0, -2]
                    }
                ],
                "size": [140, 24],
                "color": [0, 0, 128],
                "update": ["pos"]
            },
            {
                "name": "ei-2-down",
                "track": [
                    {
                        "pos": [670, 50],
                        "speed": [0, 2]
                    },
                    {
                        "pos": [670, 230],
                        "speed": [0, -2]
                    }
                ],
                "size": [140, 24],
                "color": [0, 0, 128],
                "update": ["pos"]
            },
            {
                "name": "ei-2-up",
                "track": [
                    {
                        "pos": [670, 230],
                        "speed": [0, -2]
                    },
                    {
                        "pos": [670, 50],
                        "speed": [0, 2]
                    }
                ],
                "size": [140, 24],
                "color": [0, 0, 128],
                "update": ["pos"]
            },
            {
                "name": "ei-3-down",
                "track": [
                    {
                        "pos": [520, 140],
                        "speed": [0, 2]
                    },
                    {
                        "pos": [520, 50],
                        "speed": [0, 2]
                    },
                    {
                        "pos": [520, 230],
                        "speed": [0, -2]
                    }
                ],
                "size": [140, 24],
                "color": [0, 0, 128],
                "update": ["pos"]
            },
            {
                "name": "ei-3-up",
                "track": [
                    {
                        "pos": [520, 140],
                        "speed": [0, -2]
                    },
                    {
                        "pos": [520, 50],
                        "speed": [0, 2]
                    },
                    {
                        "pos": [520, 230],
                        "speed": [0, -2]
                    }
                ],
                "size": [140, 24],
                "color": [0, 0, 128],
                "update": ["pos"]
            },
            {
                "name": "ei-4-down",
                "track": [
                    {
                        "pos": [370, 50],
                        "speed": [0, 2]
                    },
                    {
                        "pos": [370, 230],
                        "speed": [0, -2]
                    }
                ],
                "size": [140, 24],
                "color": [0, 0, 128],
                "update": ["pos"]
            },
            {
                "name": "ei-4-up",
                "track": [
                    {
                        "pos": [370, 230],
                        "speed": [0, -2]
                    },
                    {
                        "pos": [370, 50],
                        "speed": [0, 2]
                    }
                ],
                "size": [140, 24],
                "color": [0, 0, 128],
                "update": ["pos"]
            },
            {
                "name": "ei-5-down",
                "track": [
                    {
                        "pos": [220, 140],
                        "speed": [0, 2]
                    },
                    {
                        "pos": [220, 50],
                        "speed": [0, 2]
                    },
                    {
                        "pos": [220, 230],
                        "speed": [0, -2]
                    }
                ],
                "size": [140, 24],
                "color": [0, 0, 128],
                "update": ["pos"]
            },
            {
                "name": "ei-5-up",
                "track": [
                    {
                        "pos": [220, 140],
                        "speed": [0, -2]
                    },
                    {
                        "pos": [220, 50],
                        "speed": [0, 2]
                    },
                    {
                        "pos": [220, 230],
                        "speed": [0, -2]
                    }
                ],
                "size": [140, 24],
                "color": [0, 0, 128],
                "update": ["pos"]
            },
            {
                "name": "eMerry1",
                "track": [
                    {
                        "pos": [100, 450],
                        "speed": [2, 0]
                    },
                    {
                        "pos": [1100, 450],
                        "speed": [0, 2]
                    },
                    {
                        "pos": [1100, 850],
                        "speed": [-2, 0]
                    },
                    {
                        "pos": [100, 850],
                        "speed": [0, -2]
                    }
                ],
                "size": [140, 30],
                "color": [0, 0, 128],
                "update": ["pos"]
            },
            {
                "name": "eMerry2",
                "track": [
                    {
                        "pos": [300, 450],
                        "speed": [2, 0]
                    },
                    {
                        "pos": [100, 450],
                        "speed": [2, 0]
                    },
                    {
                        "pos": [1100, 450],
                        "speed": [0, 2]
                    },
                    {
                        "pos": [1100, 850],
                        "speed": [-2, 0]
                    },
                    {
                        "pos": [100, 850],
                        "speed": [0, -2]
                    }
                ],
                "size": [140, 30],
                "color": [0, 0, 128],
                "update": ["pos"]
            },
            {
                "name": "eMerry3",
                "track": [
                    {
                        "pos": [500, 450],
                        "speed": [2, 0]
                    },
                    {
                        "pos": [100, 450],
                        "speed": [2, 0]
                    },
                    {
                        "pos": [1100, 450],
                        "speed": [0, 2]
                    },
                    {
                        "pos": [1100, 850],
                        "speed": [-2, 0]
                    },
                    {
                        "pos": [100, 850],
                        "speed": [0, -2]
                    }
                ],
                "size": [140, 30],
                "color": [0, 0, 128],
                "update": ["pos"]
            },
            {
                "name": "eMerry4",
                "track": [
                    {
                        "pos": [700, 450],
                        "speed": [2, 0]
                    },
                    {
                        "pos": [100, 450],
                        "speed": [2, 0]
                    },
                    {
                        "pos": [1100, 450],
                        "speed": [0, 2]
                    },
                    {
                        "pos": [1100, 850],
                        "speed": [-2, 0]
                    },
                    {
                        "pos": [100, 850],
                        "speed": [0, -2]
                    }
                ],
                "size": [140, 30],
                "color": [0, 0, 128],
                "update": ["pos"]
            },
            {
                "name": "eMerry5",
                "track": [
                    {
                        "pos": [900, 450],
                        "speed": [2, 0]
                    },
                    {
                        "pos": [100, 450],
                        "speed": [2, 0]
                    },
                    {
                        "pos": [1100, 450],
                        "speed": [0, 2]
                    },
                    {
                        "pos": [1100, 850],
                        "speed": [-2, 0]
                    },
                    {
                        "pos": [100, 850],
                        "speed": [0, -2]
                    }
                ],
                "size": [140, 30],
                "color": [0, 0, 128],
                "update": ["pos"]
            },
            {
                "name": "eMerry6",
                "track": [
                    {
                        "pos": [1100, 450],
                        "speed": [0, 2]
                    },
                    {
                        "pos": [100, 450],
                        "speed": [2, 0]
                    },
                    {
                        "pos": [1100, 850],
                        "speed": [-2, 0]
                    },
                    {
                        "pos": [100, 850],
                        "speed": [0, -2]
                    }
                ],
                "size": [140, 30],
                "color": [0, 0, 128],
                "update": ["pos"]
            },
            {
                "name": "eMerry7",
                "track": [
                    {
                        "pos": [1100, 650],
                        "speed": [0, 2]
                    },
                    {
                        "pos": [100, 450],
                        "speed": [2, 0]
                    },
                    {
                        "pos": [1100, 450],
                        "speed": [0, 2]
                    },
                    {
                        "pos": [1100, 850],
                        "speed": [-2, 0]
                    },
                    {
                        "pos": [100, 850],
                        "speed": [0, -2]
                    }
                ],
                "size": [140, 30],
                "color": [0, 0, 128],
                "update": ["pos"]
            },
            {
                "name": "eMerry8",
                "track": [
                    {
                        "pos": [1100, 850],
                        "speed": [-2, 0]
                    },
                    {
                        "pos": [100, 450],
                        "speed": [2, 0]
                    },
                    {
                        "pos": [1100, 450],
                        "speed": [0, 2]
                    },
                    {
                        "pos": [100, 850],
                        "speed": [0, -2]
                    }
                ],
                "size": [140, 30],
                "color": [0, 0, 128],
                "update": ["pos"]
            },
            {
                "name": "eMerry9",
                "track": [
                    {
                        "pos": [900, 850],
                        "speed": [-2, 0]
                    },
                    {
                        "pos": [100, 450],
                        "speed": [2, 0]
                    },
                    {
                        "pos": [1100, 450],
                        "speed": [0, 2]
                    },
                    {
                        "pos": [1100, 850],
                        "speed": [-2, 0]
                    },
                    {
                        "pos": [100, 850],
                        "speed": [0, -2]
                    }
                ],
                "size": [140, 30],
                "color": [0, 0, 128],
                "update": ["pos"]
            },
            {
                "name": "eMerry10",
                "track": [
                    {
                        "pos": [700, 850],
                        "speed": [-2, 0]
                    },
                    {
                        "pos": [100, 450],
                        "speed": [2, 0]
                    },
                    {
                        "pos": [1100, 450],
                        "speed": [0, 2]
                    },
                    {
                        "pos": [1100, 850],
                        "speed": [-2, 0]
                    },
                    {
                        "pos": [100, 850],
                        "speed": [0, -2]
                    }
                ],
                "size": [140, 30],
                "color": [0, 0, 128],
                "update": ["pos"]
            },
            {
                "name": "eMerry11",
                "track": [
                    {
                        "pos": [500, 850],
                        "speed": [-2, 0]
                    },
                    {
                        "pos": [100, 450],
                        "speed": [2, 0]
                    },
                    {
                        "pos": [1100, 450],
                        "speed": [0, 2]
                    },
                    {
                        "pos": [1100, 850],
                        "speed": [-2, 0]
                    },
                    {
                        "pos": [100, 850],
                        "speed": [0, -2]
                    }
                ],
                "size": [140, 30],
                "color": [0, 0, 128],
                "update": ["pos"]
            },
            {
                "name": "eMerry12",
                "track": [
                    {
                        "pos": [300, 850],
                        "speed": [-2, 0]
                    },
                    {
                        "pos": [100, 450],
                        "speed": [2, 0]
                    },
                    {
                        "pos": [1100, 450],
                        "speed": [0, 2]
                    },
                    {
                        "pos": [1100, 850],
                        "speed": [-2, 0]
                    },
                    {
                        "pos": [100, 850],
                        "speed": [0, -2]
                    }
                ],
                "size": [140, 30],
                "color": [0, 0, 128],
                "update": ["pos"]
            },
            {
                "name": "eMerry13",
                "track": [
                    {
                        "pos": [100, 850],
                        "speed": [0, -2]
                    },
                    {
                        "pos": [100, 450],
                        "speed": [2, 0]
                    },
                    {
                        "pos": [1100, 450],
                        "speed": [0, 2]
                    },
                    {
                        "pos": [1100, 850],
                        "speed": [-2, 0]
                    }
                ],
                "size": [140, 30],
                "color": [0, 0, 128],
                "update": ["pos"]
            },
            {
                "name": "eMerry14",
                "track": [
                    {
                        "pos": [100, 650],
                        "speed": [0, -2]
                    },
                    {
                        "pos": [100, 450],
                        "speed": [2, 0]
                    },
                    {
                        "pos": [1100, 450],
                        "speed": [0, 2]
                    },
                    {
                        "pos": [1100, 850],
                        "speed": [-2, 0]
                    },
                    {
                        "pos": [100, 850],
                        "speed": [0, -2]
                    }
                ],
                "size": [140, 30],
                "color": [0, 0, 128],
                "update": ["pos"]
            },
            {
                "name": "e-jump",
                "track": [
                    {
                        "pos": [1350, 540],
                        "speed": [0, 0]
                    },
                    {
                        "pos": [1350, 510],
                        "speed": [0, 1]
                    }
                ],
                "size": [100, 10],
                "color": [30, 160, 240],
                "update": ["pos"]
            }
        ],
        "obstacle": [
            {
                "name": "o-ground",
                "pos": [0, 1650],
                "size": [2410, 70],
                "color": [0, 0, 128]
            },
            {
                "name": "o-ceiling",
                "pos": [0, -10],
                "size": [2410, 10],
                "color": [0, 0, 128]
            },
            {
                "name": "o-wall-left",
                "pos": [-10, 0],
                "size": [10, 1720],
                "color": [0, 0, 128]
            },
            {
                "name": "o-wall-right",
                "pos": [2410, 0],
                "size": [10, 1720],
                "color": [0, 0, 128]
            },
            {
                "name": "oMount2",
                "pos": [550, 1100],
                "size": [250, 400],
                "color": [0, 0, 128]
            },
            {
                "name": "oMount0",
                "pos": [0, 1450],
                "size": [300, 100],
                "color": [0, 0, 128]
            },
            {
                "name": "oMount1",
                "pos": [300, 1150],
                "size": [250, 400],
                "color": [0, 0, 128]
            },
            {
                "name": "oMount3",
                "pos": [800, 1150],
                "size": [250, 300],
                "color": [0, 0, 128]

            },
            {
                "name": "oMount4",
                "pos": [1050, 1150],
                "size": [100, 300],
                "color": [0, 0, 128]
            },
            {
                "name": "oMount5",
                "pos": [1150, 1150],
                "size": [100, 70],
                "color": [0, 0, 128]
            },
            {
                "name": "oMount6",
                "pos": [1250, 1150],
                "size": [100, 300],
                "color": [0, 0, 128]
            },
            {
                "name": "oMount7",
                "pos": [1150, 1320],
                "size": [100, 20],
                "color": [0, 0, 128],
                "update": ["name"]
            },
            {
                "name": "oMountTop1",
                "pos": [0, 1050],
                "size": [220, 100],
                "color": [0, 0, 128]
            },
            {
                "name": "oMountGate",
                "pos": [220, 1050],
                "size": [80, 100],
                "color": [0, 0, 128],
                "update": ["name"]
            },
            {
                "name": "oMountTop3",
                "pos": [300, 1050],
                "size": [1050, 100],
                "color": [0, 0, 128]
            },
            {
                "name": "oRock1",
                "pos": [850, 1600],
                "size": [100, 50],
                "color": [0, 0, 128]
            },
            {
                "name": "oRock2",
                "pos": [1100, 1570],
                "size": [200, 80],
                "color": [0, 0, 128]
            },
            {
                "name": "oRock3",
                "pos": [1410, 1570],
                "size": [100, 80],
                "color": [0, 0, 128]
            },
            {
                "name": "oPool1",
                "pos": [1810, 1300],
                "size": [100, 350],
                "color": [0, 0, 128]
            },
            {
                "name": "oPool2",
                "pos": [2310, 1300],
                "size": [100, 350],
                "color": [0, 0, 128]
            },
            {
                "name": "oStair1",
                "pos": [1710, 1450],
                "size": [100, 200],
                "color": [0, 0, 128]
            },
            {
                "name": "oWallMid",
                "pos": [1270, 150],
                "size": [50, 900],
                "color": [0, 0, 128]
            },
            {
                "name": "oIsland0",
                "pos": [1800, 200],
                "size": [100, 50],
                "color": [0, 0, 128]
            },
            {
                "name": "oIsland1",
                "pos": [1800, 250],
                "size": [60, 150],
                "color": [0, 0, 128]
            },
            {
                "name": "oIsland2",
                "pos": [50, 300],
                "size": [1220, 40],
                "color": [0, 0, 128]
            },
            {
                "name": "oIsland3",
                "pos": [50, 0],
                "size": [1220, 30],
                "color": [0, 0, 128]
            }
        ]
    }
}
