{
    "player": {
        "pos": [[530, 890]],
        "size": [40, 60],
        "color": [255, 0, 0]
    },
    "map": {
        "size": [2900, 1000],
        "target": [
            {
                "name": "t0",
                "pos": [80, 200],
                "size": [100, 250],
                "color": [240, 230, 140]
            }
        ],
        "coin" : [
            {
                "name": "c0",
                "pos": [230, 415],
                "size": [10, 10],
                "color": [255, 215, 0],
                "update": ["name"]
            },
            {
                "name": "c1",
                "pos": [1295, 45],
                "size": [10, 10],
                "color": [255, 215, 0],
                "update": ["name"]
            },
            {
                "name": "c2",
                "pos": [2295, 915],
                "size": [10, 10],
                "color": [255, 215, 0],
                "update": ["name"]
            }
        ],
        "switch": [
            {
                "name": "s1",
                "pos": [1920, 705],
                "size": [30, 30],
                "color": [102, 255, 178],
                "command": {
                    "close": [
                        ["state", "open"],
                        ["color", [62, 195, 128]],
                        ["remove", "o-block-1"]
                    ],
                    "open": [
                        ["state", "open"]
                    ]
                },
                "update": ["color"]
            },
            {
                "name": "s2",
                "pos": [2785, 350],
                "size": [30, 30],
                "color": [102, 255, 178],
                "command": {
                    "close": [
                        ["state", "open"],
                        ["color", [62, 195, 128]],
                        ["remove", "o-block-2"]
                    ],
                    "open": [
                        ["state", "open"]
                    ]
                },
                "update": ["color"]
            }
        ],
        "monster": [
            {
                "name": "m-lava",
                "track": [
                    {
                        "pos": [750, 900],
                        "speed": [0, 0]
                    }
                ],
                "size": [1110, 50],
                "color": [255, 128, 0]
            },
            {
                "name": "m-lava-wall-0",
                "track": [
                    {
                        "pos": [1850, 760],
                        "speed": [0, 0]
                    }
                ],
                "size": [10, 140],
                "color": [255, 128, 0]
            },
            {
                "name": "m-lava-wall-1",
                "track": [
                    {
                        "pos": [1840, 770],
                        "speed": [0, 0]
                    }
                ],
                "size": [10, 130],
                "color": [255, 128, 0]
            },
            {
                "name": "m-lava-wall-2",
                "track": [
                    {
                        "pos": [1830, 800],
                        "speed": [0, 0]
                    }
                ],
                "size": [10, 100],
                "color": [255, 128, 0]
            },
            {
                "name": "m-lava-wall-3",
                "track": [
                    {
                        "pos": [1820, 850],
                        "speed": [0, 0]
                    }
                ],
                "size": [10, 50],
                "color": [255, 128, 0]
            },
            {
                "name": "m0",
                "track": [
                    {
                        "pos": [1080, 0],
                        "speed": [0, 2]
                    },
                    {
                        "pos": [1080, 210],
                        "speed": [0, -2]
                    }
                ],
                "size": [40, 40],
                "color": [50, 205, 50],
                "update": ["pos"]
            },
            {
                "name": "m1",
                "track": [
                    {
                        "pos": [1480, 210],
                        "speed": [0, -2]
                    },
                    {
                        "pos": [1480, 0],
                        "speed": [0, 2]
                    }
                ],
                "size": [40, 40],
                "color": [50, 205, 50],
                "update": ["pos"]
            },
            {
                "name": "m2",
                "track": [
                    {
                        "pos": [1900, 340],
                        "speed": [2, 0]
                    },
                    {
                        "pos": [2160, 340],
                        "speed": [-2, 0]
                    }
                ],
                "size": [40, 60],
                "color": [50, 205, 50],
                "update": ["pos"]
            },
            {
                "name": "m3",
                "track": [
                    {
                        "pos": [2150, 690],
                        "speed": [0, 4]
                    },
                    {
                        "pos": [2150, 890],
                        "speed": [0, -4]
                    }
                ],
                "size": [300, 60],
                "color": [50, 205, 50],
                "update": ["pos"]
            }
        ],
        "elevator" : [
            {
                "name": "e0",
                "track": [
                    {
                        "pos": [800, 840],
                        "speed": [0, -2]
                    },
                    {
                        "pos": [800, 340],
                        "speed": [0, 2]
                    }
                ],
                "size": [200, 40],
                "color": [0, 0, 128],
                "update": ["pos"]
            },
            {
                "name": "e1",
                "track": [
                    {
                        "pos": [1200, 340],
                        "speed": [0, 2]
                    },
                    {
                        "pos": [1200, 840],
                        "speed": [0, -2]
                    }
                ],
                "size": [200, 40],
                "color": [0, 0, 128],
                "update": ["pos"]
            },
            {
                "name": "e2",
                "track": [
                    {
                        "pos": [1600, 840],
                        "speed": [0, -2]
                    },
                    {
                        "pos": [1600, 340],
                        "speed": [0, 2]
                    }
                ],
                "size": [200, 40],
                "color": [0, 0, 128],
                "update": ["pos"]
            }
        ],
        "obstacle": [
            {
                "name": "o-ground",
                "pos": [0, 950],
                "size": [2900, 50],
                "color": [0, 0, 128]
            },
            {
                "name": "o-ceiling",
                "pos": [0, -10],
                "size": [2900, 10],
                "color": [0, 0, 128]
            },
            {
                "name": "o-right-wall",
                "pos": [2850, 0],
                "size": [50, 950],
                "color": [0, 0, 128]
            },
            {
                "name": "o-block-1",
                "pos": [260, 0],
                "size": [20, 450],
                "color": [0, 0, 192],
                "update": ["name"]
            },
            {
                "name": "o-block-2",
                "pos": [2020, 690],
                "size": [20, 60],
                "color": [0, 0, 192],
                "update": ["name"]
            },
            {
                "name": "o-target1",
                "pos": [0, 450],
                "size": [350, 500],
                "color": [0, 0, 128]
            },
            {
                "name": "o-target2",
                "pos": [350, 750],
                "size": [100, 200],
                "color": [0, 0, 128]
            },
            {
                "name": "o0",
                "pos": [650, 880],
                "size": [100, 70],
                "color": [0, 0, 128]
            },
            {
                "name": "o-jump-0",
                "pos": [1080, 250],
                "size": [40, 500],
                "color": [0, 0, 128]
            },
            {
                "name": "o-jump-1",
                "pos": [1480, 250],
                "size": [40, 500],
                "color": [0, 0, 128]
            },
            {
                "name": "o1",
                "pos": [1860, 750],
                "size": [200, 200],
                "color": [0, 0, 128]
            },
            {
                "name": "o2",
                "pos": [1850, 400],
                "size": [400, 290],
                "color": [0, 0, 128]
            },
            {
                "name": "o3",
                "pos": [2250, 200],
                "size": [250, 490],
                "color": [0, 0, 128]
            },
            {
                "name": "o4",
                "pos": [2750, 600],
                "size": [100, 350],
                "color": [0, 0, 128]
            }
        ]
    }
}
