{
    "player": {
        "pos": [[150, 4890]],
        "size": [40, 60],
        "color": [255, 0, 0]
    },
    "map": {
        "size": [4000, 5000],
        "target": [
            {
                "name": "t0",
                "pos": [3800, 100],
                "size": [100, 250],
                "color": [240, 230, 140]
            }
        ],
        "coin": [
            {
                "name": "c0",
                "pos": [3255, 4595],
                "size": [10, 10],
                "color": [255, 215, 0],
                "update": ["name"]
            },
            {
                "name": "c1",
                "pos": [3880, 3000],
                "size": [10, 10],
                "color": [255, 215, 0],
                "update": ["name"]
            },
            {
                "name": "c2",
                "pos": [2030, 1000],
                "size": [10, 10],
                "color": [255, 215, 0],
                "update": ["name"]
            }
        ],
        "switch": [
            {
                "name": "s-alpha",
                "pos": [1055, 3665],
                "size": [30, 30],
                "color": [102, 255, 178],
                "command": {
                    "close": [
                        ["state", "open"],
                        ["color", [62, 195, 128]],
                        ["remove", "o1-2-0-left"],
                        ["if", ["object", "e1-1", "pos", "[1670, 4200]"], [
                            ["object", "e1-1", "speed", "[0, -2]"],
                            ["object", "e1-1", "update_speed", "False"]
                        ]]
                    ],
                    "open": [
                        ["state", "open"]
                    ],
                    "auto": [
                        ["state", "close"],
                        ["color", [102, 255, 178]]
                    ]
                },
                "update": ["color"]
            },
            {
                "name": "s-beta",
                "pos": [515, 2655],
                "size": [30, 30],
                "color": [102, 255, 178],
                "command": {
                    "close": [
                        ["state", "open"],
                        ["color", [62, 195, 128]],
                        ["object", "e2-1", "speed", "[0, 1]"],
                        ["object", "e2-1", "update_speed", "False"]
                    ],
                    "open": [
                        ["state", "open"]
                    ]
                },
                "update": ["color"]
            },
            {
                "name": "s-gamma",
                "pos": [3055, 3885],
                "size": [30, 30],
                "color": [102, 255, 178],
                "command": {
                    "close": [
                        ["state", "open"],
                        ["color", [62, 195, 128]],
                        ["remove", "o-block-1"]
                    ],
                    "open": [
                        ["state", "open"]
                    ]
                },
                "update": ["color"]
            },
            {
                "name": "s-delta",
                "pos": [1170, 1455],
                "size": [30, 30],
                "color": [102, 255, 178],
                "command": {
                    "close": [
                        ["state", "open"],
                        ["color", [62, 195, 128]],
                        ["remove", "o3-1-2"],
                        ["remove", "o3-1-3"]
                    ],
                    "open": [
                        ["state", "open"]
                    ]
                },
                "update": ["color"]
            },
            {
                "name": "s-epsilon",
                "pos": [755, 1550],
                "size": [30, 30],
                "color": [102, 255, 178],
                "command": {
                    "close": [
                        ["state", "open"],
                        ["color", [62, 195, 128]],
                        ["remove", "o-block-2"]
                    ],
                    "open": [
                        ["state", "open"]
                    ]
                },
                "update": ["color"]
            },
            {
                "name": "s-zeta",
                "pos": [2305, 655],
                "size": [30, 30],
                "color": [102, 255, 178],
                "command": {
                    "close": [
                        ["state", "open"],
                        ["color", [62, 195, 128]],
                        ["if", ["object", "e4-0", "pos", "[2080, 2370]"], [
                            ["object", "e4-0", "pos", "[2080, 2440]"],
                            ["object", "e4-0", "speed", "[0, -100]"],
                            ["object", "e4-0", "update_speed", "False"]
                        ]]
                    ],
                    "open": [
                        ["state", "open"]
                    ],
                    "auto": [
                        ["state", "close"],
                        ["color", [102, 255, 178]]
                    ]
                },
                "update": ["color"]
            },
            {
                "name": "s-hidden",
                "pos": [65, 3285],
                "size": [30, 30],
                "color": [102, 255, 178],
                "command": {
                    "close": [
                        ["state", "open"],
                        ["color", [62, 195, 128]],
                        ["remove", "o-block-3"]
                    ],
                    "open": [
                        ["state", "open"]
                    ]
                },
                "update": ["color"]
            },
            {
                "name": "s-pds-0-0",
                "pos": [100, 200],
                "size": [50, 50],
                "color": [102, 255, 178],
                "command": {
                    "close": [
                        ["color", [62, 195, 128]]
                    ]
                },
                "update": ["color"]
            },
            {
                "name": "s-pds-0-1",
                "pos": [200, 200],
                "size": [50, 50],
                "color": [102, 255, 178],
                "command": {
                    "close": [
                        ["color", [62, 195, 128]]
                    ]
                },
                "update": ["color"]
            },
            {
                "name": "s-pds-0-2",
                "pos": [300, 200],
                "size": [50, 50],
                "color": [102, 255, 178],
                "command": {
                    "close": [
                        ["color", [62, 195, 128]]
                    ]
                },
                "update": ["color"]
            },
            {
                "name": "s-pds-0-3",
                "pos": [400, 200],
                "size": [50, 50],
                "color": [102, 255, 178],
                "command": {
                    "close": [
                        ["color", [62, 195, 128]]
                    ]
                },
                "update": ["color"]
            },
            {
                "name": "s-pds-0-4",
                "pos": [500, 200],
                "size": [50, 50],
                "color": [102, 255, 178],
                "command": {
                    "close": [
                        ["color", [62, 195, 128]]
                    ]
                },
                "update": ["color"]
            },
            {
                "name": "s-pds-0-5",
                "pos": [600, 200],
                "size": [50, 50],
                "color": [102, 255, 178],
                "command": {
                    "close": [
                        ["color", [62, 195, 128]]
                    ]
                },
                "update": ["color"]
            },
            {
                "name": "s-pds-0-6",
                "pos": [700, 200],
                "size": [50, 50],
                "color": [102, 255, 178],
                "command": {
                    "close": [
                        ["color", [62, 195, 128]]
                    ]
                },
                "update": ["color"]
            },
            {
                "name": "s-pds-0-7",
                "pos": [800, 200],
                "size": [50, 50],
                "color": [102, 255, 178],
                "command": {
                    "close": [
                        ["color", [62, 195, 128]]
                    ]
                },
                "update": ["color"]
            },
            {
                "name": "s-pds-0-8",
                "pos": [900, 200],
                "size": [50, 50],
                "color": [102, 255, 178],
                "command": {
                    "close": [
                        ["color", [62, 195, 128]]
                    ]
                },
                "update": ["color"]
            },
            {
                "name": "s-pds-0-9",
                "pos": [1000, 200],
                "size": [50, 50],
                "color": [102, 255, 178],
                "command": {
                    "close": [
                        ["color", [62, 195, 128]]
                    ]
                },
                "update": ["color"]
            },
            {
                "name": "s-pds-0-10",
                "pos": [1100, 200],
                "size": [50, 50],
                "color": [102, 255, 178],
                "command": {
                    "close": [
                        ["color", [62, 195, 128]]
                    ]
                },
                "update": ["color"]
            },
            {
                "name": "s-pds-0-11",
                "pos": [1200, 200],
                "size": [50, 50],
                "color": [102, 255, 178],
                "command": {
                    "close": [
                        ["color", [62, 195, 128]]
                    ]
                },
                "update": ["color"]
            },
            {
                "name": "s-pds-0-12",
                "pos": [1300, 200],
                "size": [50, 50],
                "color": [102, 255, 178],
                "command": {
                    "close": [
                        ["color", [62, 195, 128]]
                    ]
                },
                "update": ["color"]
            },
            {
                "name": "s-pds-0-13",
                "pos": [1400, 200],
                "size": [50, 50],
                "color": [102, 255, 178],
                "command": {
                    "close": [
                        ["color", [62, 195, 128]]
                    ]
                },
                "update": ["color"]
            },
            {
                "name": "s-pds-0-14",
                "pos": [1500, 200],
                "size": [50, 50],
                "color": [102, 255, 178],
                "command": {
                    "close": [
                        ["color", [62, 195, 128]]
                    ]
                },
                "update": ["color"]
            },
            {
                "name": "s-pds-0-15",
                "pos": [1600, 200],
                "size": [50, 50],
                "color": [102, 255, 178],
                "command": {
                    "close": [
                        ["color", [62, 195, 128]]
                    ]
                },
                "update": ["color"]
            },
            {
                "name": "s-pds-1-0",
                "pos": [100, 300],
                "size": [50, 50],
                "color": [102, 255, 178],
                "command": {
                    "close": [
                        ["color", [62, 195, 128]]
                    ]
                },
                "update": ["color"]
            },
            {
                "name": "s-pds-1-1",
                "pos": [200, 300],
                "size": [50, 50],
                "color": [102, 255, 178],
                "command": {
                    "close": [
                        ["color", [62, 195, 128]]
                    ],
                    "auto": [
                        ["color", [102, 255, 178]]
                    ]
                },
                "update": ["color"]
            },
            {
                "name": "s-pds-1-2",
                "pos": [300, 300],
                "size": [50, 50],
                "color": [102, 255, 178],
                "command": {
                    "close": [
                        ["color", [62, 195, 128]]
                    ],
                    "auto": [
                        ["color", [102, 255, 178]]
                    ]
                },
                "update": ["color"]
            },
            {
                "name": "s-pds-1-3",
                "pos": [400, 300],
                "size": [50, 50],
                "color": [102, 255, 178],
                "command": {
                    "close": [
                        ["color", [62, 195, 128]]
                    ],
                    "auto": [
                        ["color", [102, 255, 178]]
                    ]
                },
                "update": ["color"]
            },
            {
                "name": "s-pds-1-4",
                "pos": [500, 300],
                "size": [50, 50],
                "color": [102, 255, 178],
                "command": {
                    "close": [
                        ["color", [62, 195, 128]]
                    ],
                    "auto": [
                        ["color", [102, 255, 178]]
                    ]
                },
                "update": ["color"]
            },
            {
                "name": "s-pds-1-5",
                "pos": [600, 300],
                "size": [50, 50],
                "color": [102, 255, 178],
                "command": {
                    "close": [
                        ["color", [62, 195, 128]]
                    ]
                },
                "update": ["color"]
            },
            {
                "name": "s-pds-1-6",
                "pos": [700, 300],
                "size": [50, 50],
                "color": [102, 255, 178],
                "command": {
                    "close": [
                        ["color", [62, 195, 128]]
                    ],
                    "auto": [
                        ["color", [102, 255, 178]]
                    ]
                },
                "update": ["color"]
            },
            {
                "name": "s-pds-1-7",
                "pos": [800, 300],
                "size": [50, 50],
                "color": [102, 255, 178],
                "command": {
                    "close": [
                        ["color", [62, 195, 128]]
                    ],
                    "auto": [
                        ["color", [102, 255, 178]]
                    ]
                },
                "update": ["color"]
            },
            {
                "name": "s-pds-1-8",
                "pos": [900, 300],
                "size": [50, 50],
                "color": [102, 255, 178],
                "command": {
                    "close": [
                        ["color", [62, 195, 128]]
                    ],
                    "auto": [
                        ["color", [102, 255, 178]]
                    ]
                },
                "update": ["color"]
            },
            {
                "name": "s-pds-1-9",
                "pos": [1000, 300],
                "size": [50, 50],
                "color": [102, 255, 178],
                "command": {
                    "close": [
                        ["color", [62, 195, 128]]
                    ]
                },
                "update": ["color"]
            },
            {
                "name": "s-pds-1-10",
                "pos": [1100, 300],
                "size": [50, 50],
                "color": [102, 255, 178],
                "command": {
                    "close": [
                        ["color", [62, 195, 128]]
                    ]
                },
                "update": ["color"]
            },
            {
                "name": "s-pds-1-11",
                "pos": [1200, 300],
                "size": [50, 50],
                "color": [102, 255, 178],
                "command": {
                    "close": [
                        ["color", [62, 195, 128]]
                    ],
                    "auto": [
                        ["color", [102, 255, 178]]
                    ]
                },
                "update": ["color"]
            },
            {
                "name": "s-pds-1-12",
                "pos": [1300, 300],
                "size": [50, 50],
                "color": [102, 255, 178],
                "command": {
                    "close": [
                        ["color", [62, 195, 128]]
                    ],
                    "auto": [
                        ["color", [102, 255, 178]]
                    ]
                },
                "update": ["color"]
            },
            {
                "name": "s-pds-1-13",
                "pos": [1400, 300],
                "size": [50, 50],
                "color": [102, 255, 178],
                "command": {
                    "close": [
                        ["color", [62, 195, 128]]
                    ],
                    "auto": [
                        ["color", [102, 255, 178]]
                    ]
                },
                "update": ["color"]
            },
            {
                "name": "s-pds-1-14",
                "pos": [1500, 300],
                "size": [50, 50],
                "color": [102, 255, 178],
                "command": {
                    "close": [
                        ["color", [62, 195, 128]]
                    ],
                    "auto": [
                        ["color", [102, 255, 178]]
                    ]
                },
                "update": ["color"]
            },
            {
                "name": "s-pds-1-15",
                "pos": [1600, 300],
                "size": [50, 50],
                "color": [102, 255, 178],
                "command": {
                    "close": [
                        ["color", [62, 195, 128]]
                    ]
                },
                "update": ["color"]
            },
            {
                "name": "s-pds-2-0",
                "pos": [100, 400],
                "size": [50, 50],
                "color": [102, 255, 178],
                "command": {
                    "close": [
                        ["color", [62, 195, 128]]
                    ]
                },
                "update": ["color"]
            },
            {
                "name": "s-pds-2-1",
                "pos": [200, 400],
                "size": [50, 50],
                "color": [102, 255, 178],
                "command": {
                    "close": [
                        ["color", [62, 195, 128]]
                    ],
                    "auto": [
                        ["color", [102, 255, 178]]
                    ]
                },
                "update": ["color"]
            },
            {
                "name": "s-pds-2-2",
                "pos": [300, 400],
                "size": [50, 50],
                "color": [102, 255, 178],
                "command": {
                    "close": [
                        ["color", [62, 195, 128]]
                    ]
                },
                "update": ["color"]
            },
            {
                "name": "s-pds-2-3",
                "pos": [400, 400],
                "size": [50, 50],
                "color": [102, 255, 178],
                "command": {
                    "close": [
                        ["color", [62, 195, 128]]
                    ]
                },
                "update": ["color"]
            },
            {
                "name": "s-pds-2-4",
                "pos": [500, 400],
                "size": [50, 50],
                "color": [102, 255, 178],
                "command": {
                    "close": [
                        ["color", [62, 195, 128]]
                    ],
                    "auto": [
                        ["color", [102, 255, 178]]
                    ]
                },
                "update": ["color"]
            },
            {
                "name": "s-pds-2-5",
                "pos": [600, 400],
                "size": [50, 50],
                "color": [102, 255, 178],
                "command": {
                    "close": [
                        ["color", [62, 195, 128]]
                    ]
                },
                "update": ["color"]
            },
            {
                "name": "s-pds-2-6",
                "pos": [700, 400],
                "size": [50, 50],
                "color": [102, 255, 178],
                "command": {
                    "close": [
                        ["color", [62, 195, 128]]
                    ],
                    "auto": [
                        ["color", [102, 255, 178]]
                    ]
                },
                "update": ["color"]
            },
            {
                "name": "s-pds-2-7",
                "pos": [800, 400],
                "size": [50, 50],
                "color": [102, 255, 178],
                "command": {
                    "close": [
                        ["color", [62, 195, 128]]
                    ]
                },
                "update": ["color"]
            },
            {
                "name": "s-pds-2-8",
                "pos": [900, 400],
                "size": [50, 50],
                "color": [102, 255, 178],
                "command": {
                    "close": [
                        ["color", [62, 195, 128]]
                    ]
                },
                "update": ["color"]
            },
            {
                "name": "s-pds-2-9",
                "pos": [1000, 400],
                "size": [50, 50],
                "color": [102, 255, 178],
                "command": {
                    "close": [
                        ["color", [62, 195, 128]]
                    ],
                    "auto": [
                        ["color", [102, 255, 178]]
                    ]
                },
                "update": ["color"]
            },
            {
                "name": "s-pds-2-10",
                "pos": [1100, 400],
                "size": [50, 50],
                "color": [102, 255, 178],
                "command": {
                    "close": [
                        ["color", [62, 195, 128]]
                    ]
                },
                "update": ["color"]
            },
            {
                "name": "s-pds-2-11",
                "pos": [1200, 400],
                "size": [50, 50],
                "color": [102, 255, 178],
                "command": {
                    "close": [
                        ["color", [62, 195, 128]]
                    ],
                    "auto": [
                        ["color", [102, 255, 178]]
                    ]
                },
                "update": ["color"]
            },
            {
                "name": "s-pds-2-12",
                "pos": [1300, 400],
                "size": [50, 50],
                "color": [102, 255, 178],
                "command": {
                    "close": [
                        ["color", [62, 195, 128]]
                    ]
                },
                "update": ["color"]
            },
            {
                "name": "s-pds-2-13",
                "pos": [1400, 400],
                "size": [50, 50],
                "color": [102, 255, 178],
                "command": {
                    "close": [
                        ["color", [62, 195, 128]]
                    ]
                },
                "update": ["color"]
            },
            {
                "name": "s-pds-2-14",
                "pos": [1500, 400],
                "size": [50, 50],
                "color": [102, 255, 178],
                "command": {
                    "close": [
                        ["color", [62, 195, 128]]
                    ]
                },
                "update": ["color"]
            },
            {
                "name": "s-pds-2-15",
                "pos": [1600, 400],
                "size": [50, 50],
                "color": [102, 255, 178],
                "command": {
                    "close": [
                        ["color", [62, 195, 128]]
                    ]
                },
                "update": ["color"]
            },
            {
                "name": "s-pds-3-0",
                "pos": [100, 500],
                "size": [50, 50],
                "color": [102, 255, 178],
                "command": {
                    "close": [
                        ["color", [62, 195, 128]]
                    ]
                },
                "update": ["color"]
            },
            {
                "name": "s-pds-3-1",
                "pos": [200, 500],
                "size": [50, 50],
                "color": [102, 255, 178],
                "command": {
                    "close": [
                        ["color", [62, 195, 128]]
                    ],
                    "auto": [
                        ["color", [102, 255, 178]]
                    ]
                },
                "update": ["color"]
            },
            {
                "name": "s-pds-3-2",
                "pos": [300, 500],
                "size": [50, 50],
                "color": [102, 255, 178],
                "command": {
                    "close": [
                        ["color", [62, 195, 128]]
                    ]
                },
                "update": ["color"]
            },
            {
                "name": "s-pds-3-3",
                "pos": [400, 500],
                "size": [50, 50],
                "color": [102, 255, 178],
                "command": {
                    "close": [
                        ["color", [62, 195, 128]]
                    ]
                },
                "update": ["color"]
            },
            {
                "name": "s-pds-3-4",
                "pos": [500, 500],
                "size": [50, 50],
                "color": [102, 255, 178],
                "command": {
                    "close": [
                        ["color", [62, 195, 128]]
                    ],
                    "auto": [
                        ["color", [102, 255, 178]]
                    ]
                },
                "update": ["color"]
            },
            {
                "name": "s-pds-3-5",
                "pos": [600, 500],
                "size": [50, 50],
                "color": [102, 255, 178],
                "command": {
                    "close": [
                        ["color", [62, 195, 128]]
                    ]
                },
                "update": ["color"]
            },
            {
                "name": "s-pds-3-6",
                "pos": [700, 500],
                "size": [50, 50],
                "color": [102, 255, 178],
                "command": {
                    "close": [
                        ["color", [62, 195, 128]]
                    ],
                    "auto": [
                        ["color", [102, 255, 178]]
                    ]
                },
                "update": ["color"]
            },
            {
                "name": "s-pds-3-7",
                "pos": [800, 500],
                "size": [50, 50],
                "color": [102, 255, 178],
                "command": {
                    "close": [
                        ["color", [62, 195, 128]]
                    ]
                },
                "update": ["color"]
            },
            {
                "name": "s-pds-3-8",
                "pos": [900, 500],
                "size": [50, 50],
                "color": [102, 255, 178],
                "command": {
                    "close": [
                        ["color", [62, 195, 128]]
                    ]
                },
                "update": ["color"]
            },
            {
                "name": "s-pds-3-9",
                "pos": [1000, 500],
                "size": [50, 50],
                "color": [102, 255, 178],
                "command": {
                    "close": [
                        ["color", [62, 195, 128]]
                    ],
                    "auto": [
                        ["color", [102, 255, 178]]
                    ]
                },
                "update": ["color"]
            },
            {
                "name": "s-pds-3-10",
                "pos": [1100, 500],
                "size": [50, 50],
                "color": [102, 255, 178],
                "command": {
                    "close": [
                        ["color", [62, 195, 128]]
                    ]
                },
                "update": ["color"]
            },
            {
                "name": "s-pds-3-11",
                "pos": [1200, 500],
                "size": [50, 50],
                "color": [102, 255, 178],
                "command": {
                    "close": [
                        ["color", [62, 195, 128]]
                    ],
                    "auto": [
                        ["color", [102, 255, 178]]
                    ]
                },
                "update": ["color"]
            },
            {
                "name": "s-pds-3-12",
                "pos": [1300, 500],
                "size": [50, 50],
                "color": [102, 255, 178],
                "command": {
                    "close": [
                        ["color", [62, 195, 128]]
                    ],
                    "auto": [
                        ["color", [102, 255, 178]]
                    ]
                },
                "update": ["color"]
            },
            {
                "name": "s-pds-3-13",
                "pos": [1400, 500],
                "size": [50, 50],
                "color": [102, 255, 178],
                "command": {
                    "close": [
                        ["color", [62, 195, 128]]
                    ],
                    "auto": [
                        ["color", [102, 255, 178]]
                    ]
                },
                "update": ["color"]
            },
            {
                "name": "s-pds-3-14",
                "pos": [1500, 500],
                "size": [50, 50],
                "color": [102, 255, 178],
                "command": {
                    "close": [
                        ["color", [62, 195, 128]]
                    ],
                    "auto": [
                        ["color", [102, 255, 178]]
                    ]
                },
                "update": ["color"]
            },
            {
                "name": "s-pds-3-15",
                "pos": [1600, 500],
                "size": [50, 50],
                "color": [102, 255, 178],
                "command": {
                    "close": [
                        ["color", [62, 195, 128]]
                    ]
                },
                "update": ["color"]
            },
            {
                "name": "s-pds-4-0",
                "pos": [100, 600],
                "size": [50, 50],
                "color": [102, 255, 178],
                "command": {
                    "close": [
                        ["color", [62, 195, 128]]
                    ]
                },
                "update": ["color"]
            },
            {
                "name": "s-pds-4-1",
                "pos": [200, 600],
                "size": [50, 50],
                "color": [102, 255, 178],
                "command": {
                    "close": [
                        ["color", [62, 195, 128]]
                    ],
                    "auto": [
                        ["color", [102, 255, 178]]
                    ]
                },
                "update": ["color"]
            },
            {
                "name": "s-pds-4-2",
                "pos": [300, 600],
                "size": [50, 50],
                "color": [102, 255, 178],
                "command": {
                    "close": [
                        ["color", [62, 195, 128]]
                    ],
                    "auto": [
                        ["color", [102, 255, 178]]
                    ]
                },
                "update": ["color"]
            },
            {
                "name": "s-pds-4-3",
                "pos": [400, 600],
                "size": [50, 50],
                "color": [102, 255, 178],
                "command": {
                    "close": [
                        ["color", [62, 195, 128]]
                    ],
                    "auto": [
                        ["color", [102, 255, 178]]
                    ]
                },
                "update": ["color"]
            },
            {
                "name": "s-pds-4-4",
                "pos": [500, 600],
                "size": [50, 50],
                "color": [102, 255, 178],
                "command": {
                    "close": [
                        ["color", [62, 195, 128]]
                    ],
                    "auto": [
                        ["color", [102, 255, 178]]
                    ]
                },
                "update": ["color"]
            },
            {
                "name": "s-pds-4-5",
                "pos": [600, 600],
                "size": [50, 50],
                "color": [102, 255, 178],
                "command": {
                    "close": [
                        ["color", [62, 195, 128]]
                    ]
                },
                "update": ["color"]
            },
            {
                "name": "s-pds-4-6",
                "pos": [700, 600],
                "size": [50, 50],
                "color": [102, 255, 178],
                "command": {
                    "close": [
                        ["color", [62, 195, 128]]
                    ],
                    "auto": [
                        ["color", [102, 255, 178]]
                    ]
                },
                "update": ["color"]
            },
            {
                "name": "s-pds-4-7",
                "pos": [800, 600],
                "size": [50, 50],
                "color": [102, 255, 178],
                "command": {
                    "close": [
                        ["color", [62, 195, 128]]
                    ]
                },
                "update": ["color"]
            },
            {
                "name": "s-pds-4-8",
                "pos": [900, 600],
                "size": [50, 50],
                "color": [102, 255, 178],
                "command": {
                    "close": [
                        ["color", [62, 195, 128]]
                    ]
                },
                "update": ["color"]
            },
            {
                "name": "s-pds-4-9",
                "pos": [1000, 600],
                "size": [50, 50],
                "color": [102, 255, 178],
                "command": {
                    "close": [
                        ["color", [62, 195, 128]]
                    ],
                    "auto": [
                        ["color", [102, 255, 178]]
                    ]
                },
                "update": ["color"]
            },
            {
                "name": "s-pds-4-10",
                "pos": [1100, 600],
                "size": [50, 50],
                "color": [102, 255, 178],
                "command": {
                    "close": [
                        ["color", [62, 195, 128]]
                    ]
                },
                "update": ["color"]
            },
            {
                "name": "s-pds-4-11",
                "pos": [1200, 600],
                "size": [50, 50],
                "color": [102, 255, 178],
                "command": {
                    "close": [
                        ["color", [62, 195, 128]]
                    ]
                },
                "update": ["color"]
            },
            {
                "name": "s-pds-4-12",
                "pos": [1300, 600],
                "size": [50, 50],
                "color": [102, 255, 178],
                "command": {
                    "close": [
                        ["color", [62, 195, 128]]
                    ]
                },
                "update": ["color"]
            },
            {
                "name": "s-pds-4-13",
                "pos": [1400, 600],
                "size": [50, 50],
                "color": [102, 255, 178],
                "command": {
                    "close": [
                        ["color", [62, 195, 128]]
                    ]
                },
                "update": ["color"]
            },
            {
                "name": "s-pds-4-14",
                "pos": [1500, 600],
                "size": [50, 50],
                "color": [102, 255, 178],
                "command": {
                    "close": [
                        ["color", [62, 195, 128]]
                    ],
                    "auto": [
                        ["color", [102, 255, 178]]
                    ]
                },
                "update": ["color"]
            },
            {
                "name": "s-pds-4-15",
                "pos": [1600, 600],
                "size": [50, 50],
                "color": [102, 255, 178],
                "command": {
                    "close": [
                        ["color", [62, 195, 128]]
                    ]
                },
                "update": ["color"]
            },
            {
                "name": "s-pds-5-0",
                "pos": [100, 700],
                "size": [50, 50],
                "color": [102, 255, 178],
                "command": {
                    "close": [
                        ["color", [62, 195, 128]]
                    ]
                },
                "update": ["color"]
            },
            {
                "name": "s-pds-5-1",
                "pos": [200, 700],
                "size": [50, 50],
                "color": [102, 255, 178],
                "command": {
                    "close": [
                        ["color", [62, 195, 128]]
                    ],
                    "auto": [
                        ["color", [102, 255, 178]]
                    ]
                },
                "update": ["color"]
            },
            {
                "name": "s-pds-5-2",
                "pos": [300, 700],
                "size": [50, 50],
                "color": [102, 255, 178],
                "command": {
                    "close": [
                        ["color", [62, 195, 128]]
                    ]
                },
                "update": ["color"]
            },
            {
                "name": "s-pds-5-3",
                "pos": [400, 700],
                "size": [50, 50],
                "color": [102, 255, 178],
                "command": {
                    "close": [
                        ["color", [62, 195, 128]]
                    ]
                },
                "update": ["color"]
            },
            {
                "name": "s-pds-5-4",
                "pos": [500, 700],
                "size": [50, 50],
                "color": [102, 255, 178],
                "command": {
                    "close": [
                        ["color", [62, 195, 128]]
                    ]
                },
                "update": ["color"]
            },
            {
                "name": "s-pds-5-5",
                "pos": [600, 700],
                "size": [50, 50],
                "color": [102, 255, 178],
                "command": {
                    "close": [
                        ["color", [62, 195, 128]]
                    ]
                },
                "update": ["color"]
            },
            {
                "name": "s-pds-5-6",
                "pos": [700, 700],
                "size": [50, 50],
                "color": [102, 255, 178],
                "command": {
                    "close": [
                        ["color", [62, 195, 128]]
                    ],
                    "auto": [
                        ["color", [102, 255, 178]]
                    ]
                },
                "update": ["color"]
            },
            {
                "name": "s-pds-5-7",
                "pos": [800, 700],
                "size": [50, 50],
                "color": [102, 255, 178],
                "command": {
                    "close": [
                        ["color", [62, 195, 128]]
                    ],
                    "auto": [
                        ["color", [102, 255, 178]]
                    ]
                },
                "update": ["color"]
            },
            {
                "name": "s-pds-5-8",
                "pos": [900, 700],
                "size": [50, 50],
                "color": [102, 255, 178],
                "command": {
                    "close": [
                        ["color", [62, 195, 128]]
                    ],
                    "auto": [
                        ["color", [102, 255, 178]]
                    ]
                },
                "update": ["color"]
            },
            {
                "name": "s-pds-5-9",
                "pos": [1000, 700],
                "size": [50, 50],
                "color": [102, 255, 178],
                "command": {
                    "close": [
                        ["color", [62, 195, 128]]
                    ]
                },
                "update": ["color"]
            },
            {
                "name": "s-pds-5-10",
                "pos": [1100, 700],
                "size": [50, 50],
                "color": [102, 255, 178],
                "command": {
                    "close": [
                        ["color", [62, 195, 128]]
                    ]
                },
                "update": ["color"]
            },
            {
                "name": "s-pds-5-11",
                "pos": [1200, 700],
                "size": [50, 50],
                "color": [102, 255, 178],
                "command": {
                    "close": [
                        ["color", [62, 195, 128]]
                    ],
                    "auto": [
                        ["color", [102, 255, 178]]
                    ]
                },
                "update": ["color"]
            },
            {
                "name": "s-pds-5-12",
                "pos": [1300, 700],
                "size": [50, 50],
                "color": [102, 255, 178],
                "command": {
                    "close": [
                        ["color", [62, 195, 128]]
                    ],
                    "auto": [
                        ["color", [102, 255, 178]]
                    ]
                },
                "update": ["color"]
            },
            {
                "name": "s-pds-5-13",
                "pos": [1400, 700],
                "size": [50, 50],
                "color": [102, 255, 178],
                "command": {
                    "close": [
                        ["color", [62, 195, 128]]
                    ],
                    "auto": [
                        ["color", [102, 255, 178]]
                    ]
                },
                "update": ["color"]
            },
            {
                "name": "s-pds-5-14",
                "pos": [1500, 700],
                "size": [50, 50],
                "color": [102, 255, 178],
                "command": {
                    "close": [
                        ["color", [62, 195, 128]]
                    ],
                    "auto": [
                        ["color", [102, 255, 178]]
                    ]
                },
                "update": ["color"]
            },
            {
                "name": "s-pds-5-15",
                "pos": [1600, 700],
                "size": [50, 50],
                "color": [102, 255, 178],
                "command": {
                    "close": [
                        ["color", [62, 195, 128]]
                    ]
                },
                "update": ["color"]
            },
            {
                "name": "s-pds-6-0",
                "pos": [100, 800],
                "size": [50, 50],
                "color": [102, 255, 178],
                "command": {
                    "close": [
                        ["color", [62, 195, 128]]
                    ]
                },
                "update": ["color"]
            },
            {
                "name": "s-pds-6-1",
                "pos": [200, 800],
                "size": [50, 50],
                "color": [102, 255, 178],
                "command": {
                    "close": [
                        ["color", [62, 195, 128]]
                    ]
                },
                "update": ["color"]
            },
            {
                "name": "s-pds-6-2",
                "pos": [300, 800],
                "size": [50, 50],
                "color": [102, 255, 178],
                "command": {
                    "close": [
                        ["color", [62, 195, 128]]
                    ]
                },
                "update": ["color"]
            },
            {
                "name": "s-pds-6-3",
                "pos": [400, 800],
                "size": [50, 50],
                "color": [102, 255, 178],
                "command": {
                    "close": [
                        ["color", [62, 195, 128]]
                    ]
                },
                "update": ["color"]
            },
            {
                "name": "s-pds-6-4",
                "pos": [500, 800],
                "size": [50, 50],
                "color": [102, 255, 178],
                "command": {
                    "close": [
                        ["color", [62, 195, 128]]
                    ]
                },
                "update": ["color"]
            },
            {
                "name": "s-pds-6-5",
                "pos": [600, 800],
                "size": [50, 50],
                "color": [102, 255, 178],
                "command": {
                    "close": [
                        ["color", [62, 195, 128]]
                    ]
                },
                "update": ["color"]
            },
            {
                "name": "s-pds-6-6",
                "pos": [700, 800],
                "size": [50, 50],
                "color": [102, 255, 178],
                "command": {
                    "close": [
                        ["color", [62, 195, 128]]
                    ]
                },
                "update": ["color"]
            },
            {
                "name": "s-pds-6-7",
                "pos": [800, 800],
                "size": [50, 50],
                "color": [102, 255, 178],
                "command": {
                    "close": [
                        ["color", [62, 195, 128]]
                    ]
                },
                "update": ["color"]
            },
            {
                "name": "s-pds-6-8",
                "pos": [900, 800],
                "size": [50, 50],
                "color": [102, 255, 178],
                "command": {
                    "close": [
                        ["color", [62, 195, 128]]
                    ]
                },
                "update": ["color"]
            },
            {
                "name": "s-pds-6-9",
                "pos": [1000, 800],
                "size": [50, 50],
                "color": [102, 255, 178],
                "command": {
                    "close": [
                        ["color", [62, 195, 128]]
                    ]
                },
                "update": ["color"]
            },
            {
                "name": "s-pds-6-10",
                "pos": [1100, 800],
                "size": [50, 50],
                "color": [102, 255, 178],
                "command": {
                    "close": [
                        ["color", [62, 195, 128]]
                    ]
                },
                "update": ["color"]
            },
            {
                "name": "s-pds-6-11",
                "pos": [1200, 800],
                "size": [50, 50],
                "color": [102, 255, 178],
                "command": {
                    "close": [
                        ["color", [62, 195, 128]]
                    ]
                },
                "update": ["color"]
            },
            {
                "name": "s-pds-6-12",
                "pos": [1300, 800],
                "size": [50, 50],
                "color": [102, 255, 178],
                "command": {
                    "close": [
                        ["color", [62, 195, 128]]
                    ]
                },
                "update": ["color"]
            },
            {
                "name": "s-pds-6-13",
                "pos": [1400, 800],
                "size": [50, 50],
                "color": [102, 255, 178],
                "command": {
                    "close": [
                        ["color", [62, 195, 128]]
                    ]
                },
                "update": ["color"]
            },
            {
                "name": "s-pds-6-14",
                "pos": [1500, 800],
                "size": [50, 50],
                "color": [102, 255, 178],
                "command": {
                    "close": [
                        ["color", [62, 195, 128]]
                    ]
                },
                "update": ["color"]
            },
            {
                "name": "s-pds-6-15",
                "pos": [1600, 800],
                "size": [50, 50],
                "color": [102, 255, 178],
                "command": {
                    "close": [
                        ["color", [62, 195, 128]]
                    ]
                },
                "update": ["color"]
            },
            {
                "name": "s-pds-jump",
                "pos": [100, 970],
                "size": [1550, 30],
                "color": [102, 255, 178],
                "command": {
                    "close": [
                        ["state", "open"],
                        ["color", [62, 195, 128]],
                        ["if", ["object", "e-pds-jump", "pos", "[85, 990]"], [
                            ["object", "e-pds-jump", "pos", "[85, 1010]"],
                            ["object", "e-pds-jump", "speed", "[0, -50]"],
                            ["object", "e-pds-jump", "update_speed", "False"]
                        ]]
                    ],
                    "open": [
                        ["state", "open"]
                    ],
                    "auto": [
                        ["state", "close"],
                        ["color", [102, 255, 178]]
                    ]
                },
                "update": ["color"]
            }
        ],
        "monster": [
            {
                "name": "m1-lava-0",
                "track": [
                    {
                        "pos": [750, 3470],
                        "speed": [0, 0]
                    }
                ],
                "size": [450, 100],
                "color": [255, 128, 0]
            },
            {
                "name": "m1-lava-1",
                "track": [
                    {
                        "pos": [920, 2700],
                        "speed": [0, 0]
                    }
                ],
                "size": [80, 770],
                "color": [255, 128, 0]
            },
            {
                "name": "m1-lava-2",
                "track": [
                    {
                        "pos": [840, 2780],
                        "speed": [0, 0]
                    }
                ],
                "size": [80, 690],
                "color": [255, 128, 0]
            },
            {
                "name": "m1-lava-3",
                "track": [
                    {
                        "pos": [2520, 3350],
                        "speed": [0, 0]
                    }
                ],
                "size": [600, 100],
                "color": [255, 128, 0]
            },
            {
                "name": "m1-0",
                "track": [
                    {
                        "pos": [1125, 4160],
                        "speed": [0, -2]
                    },
                    {
                        "pos": [1125, 3950],
                        "speed": [0, 2]
                    }
                ],
                "size": [40, 40],
                "color": [50, 205, 50],
                "update": ["pos"]
            },
            {
                "name": "m1-1",
                "track": [
                    {
                        "pos": [1245, 3950],
                        "speed": [0, 2]
                    },
                    {
                        "pos": [1245, 4160],
                        "speed": [0, -2]
                    }
                ],
                "size": [40, 40],
                "color": [50, 205, 50],
                "update": ["pos"]
            },
            {
                "name": "m1-2",
                "track": [
                    {
                        "pos": [1365, 4160],
                        "speed": [0, -2]
                    },
                    {
                        "pos": [1365, 3950],
                        "speed": [0, 2]
                    }
                ],
                "size": [40, 40],
                "color": [50, 205, 50],
                "update": ["pos"]
            },
            {
                "name": "m1-3",
                "track": [
                    {
                        "pos": [1485, 3950],
                        "speed": [0, 2]
                    },
                    {
                        "pos": [1485, 4160],
                        "speed": [0, -2]
                    }
                ],
                "size": [40, 40],
                "color": [50, 205, 50],
                "update": ["pos"]
            },
            {
                "name": "m2-lava-0",
                "track": [
                    {
                        "pos": [3050, 4850],
                        "speed": [0, 0]
                    }
                ],
                "size": [420, 100],
                "color": [255, 128, 0]
            },
            {
                "name": "m2-lava-1",
                "track": [
                    {
                        "pos": [3620, 2850],
                        "speed": [0, 0]
                    }
                ],
                "size": [330, 50],
                "color": [255, 128, 0]
            },
            {
                "name": "m2-0",
                "track": [
                    {
                        "pos": [2450, 4590],
                        "speed": [2, 0]
                    },
                    {
                        "pos": [2860, 4590],
                        "speed": [-2, 0]
                    }
                ],
                "size": [40, 60],
                "color": [50, 205, 50],
                "update": ["pos"]
            },
            {
                "name": "m2-1",
                "track": [
                    {
                        "pos": [2380, 3720],
                        "speed": [6, 0]
                    },
                    {
                        "pos": [2980, 3720],
                        "speed": [0, 6]
                    },
                    {
                        "pos": [2980, 4020],
                        "speed": [-6, 0]
                    },
                    {
                        "pos": [2380, 4020],
                        "speed": [0, -6]
                    }
                ],
                "size": [40, 60],
                "color": [50, 205, 50],
                "update": ["pos"]
            },
            {
                "name": "m2-2",
                "track": [
                    {
                        "pos": [2980, 4020],
                        "speed": [-6, 0]
                    },
                    {
                        "pos": [2380, 4020],
                        "speed": [0, -6]
                    },
                    {
                        "pos": [2380, 3720],
                        "speed": [6, 0]
                    },
                    {
                        "pos": [2980, 3720],
                        "speed": [0, 6]
                    }
                ],
                "size": [40, 60],
                "color": [50, 205, 50],
                "update": ["pos"]
            },
            {
                "name": "m3-lava-0",
                "track": [
                    {
                        "pos": [1250, 2365],
                        "speed": [0, 0]
                    }
                ],
                "size": [450, 35],
                "color": [255, 128, 0]
            },
            {
                "name": "m3-lava-1",
                "track": [
                    {
                        "pos": [770, 1950],
                        "speed": [0, 0]
                    }
                ],
                "size": [30, 150],
                "color": [255, 128, 0]
            },
            {
                "name": "m4-lava-1",
                "track": [
                    {
                        "pos": [3130, 1670],
                        "speed": [0, 0]
                    }
                ],
                "size": [170, 530],
                "color": [255, 128, 0]
            },
            {
                "name": "m4-lava-1-top",
                "track": [
                    {
                        "pos": [3130, 1440],
                        "speed": [0, 0]
                    }
                ],
                "size": [70, 230],
                "color": [255, 128, 0]
            },
            {
                "name": "m4-lava-2",
                "track": [
                    {
                        "pos": [2900, 1440],
                        "speed": [0, 0]
                    }
                ],
                "size": [130, 760],
                "color": [255, 128, 0]
            },
            {
                "name": "m4-lava-2-top",
                "track": [
                    {
                        "pos": [2900, 1210],
                        "speed": [0, 0]
                    }
                ],
                "size": [65, 230],
                "color": [255, 128, 0]
            },
            {
                "name": "m4-lava-3",
                "track": [
                    {
                        "pos": [2700, 1210],
                        "speed": [0, 0]
                    }
                ],
                "size": [100, 990],
                "color": [255, 128, 0]
            },
            {
                "name": "m4-lava-3-top",
                "track": [
                    {
                        "pos": [2700, 910],
                        "speed": [0, 0]
                    }
                ],
                "size": [40, 300],
                "color": [255, 128, 0]
            },
            {
                "name": "m4-lava-4",
                "track": [
                    {
                        "pos": [2470, 890],
                        "speed": [0, 0]
                    }
                ],
                "size": [130, 1310],
                "color": [255, 128, 0]
            },
            {
                "name": "m4-lava-4-top",
                "track": [
                    {
                        "pos": [2470, 710],
                        "speed": [0, 0]
                    }
                ],
                "size": [50, 180],
                "color": [255, 128, 0]
            },
            {
                "name": "m4-lava-5",
                "track": [
                    {
                        "pos": [2470, 2200],
                        "speed": [0, 0]
                    }
                ],
                "size": [830, 200],
                "color": [255, 128, 0]
            },
            {
                "name": "m4-0",
                "track": [
                    {
                        "pos": [3120, 1110],
                        "speed": [0, -5]
                    },
                    {
                        "pos": [3120, 840],
                        "speed": [-5, 0]
                    },
                    {
                        "pos": [2830, 840],
                        "speed": [0, 5]
                    },
                    {
                        "pos": [2830, 1110],
                        "speed": [5, 0]
                    }
                ],
                "size": [40, 60],
                "color": [50, 205, 50],
                "update": ["pos"]
            }
        ],
        "elevator" : [
            {
                "name": "e1-0",
                "track": [
                    {
                        "pos": [60, 4550],
                        "speed": [0, -1]
                    },
                    {
                        "pos": [60, 4050],
                        "speed": [0, 1]
                    }
                ],
                "size": [130, 40],
                "color": [0, 0, 128],
                "update": ["pos"]
            },
            {
                "name": "e1-1",
                "track": [
                    {
                        "pos": [1670, 4200],
                        "speed": [0, 0]
                    },
                    {
                        "pos": [1670, 3220],
                        "speed": [0, 2]
                    }
                ],
                "size": [280, 40],
                "color": [0, 0, 128],
                "update": ["pos"]
            },
            {
                "name": "e2-0",
                "track": [
                    {
                        "pos": [3700, 3460],
                        "speed": [0, -4]
                    },
                    {
                        "pos": [3700, 2900],
                        "speed": [0, 4]
                    }
                ],
                "size": [200, 40],
                "color": [0, 0, 128],
                "update": ["pos"]
            },
            {
                "name": "e2-1",
                "track": [
                    {
                        "pos": [2720, 2660],
                        "speed": [0, 0]
                    },
                    {
                        "pos": [2720, 3100],
                        "speed": [0, 0]
                    }
                ],
                "size": [210, 40],
                "color": [0, 0, 128],
                "update": ["pos"]
            },
            {
                "name": "e4-0",
                "track": [
                    {
                        "pos": [2080, 2370],
                        "speed": [0, 0]
                    },
                    {
                        "pos": [2080, 2340],
                        "speed": [0, 1]
                    }
                ],
                "size": [120, 30],
                "color": [0, 110, 180],
                "update": ["pos"]
            },
            {
                "name": "e-pds-jump",
                "track": [
                    {
                        "pos": [85, 990],
                        "speed": [0, 0]
                    },
                    {
                        "pos": [85, 960],
                        "speed": [0, 1]
                    }
                ],
                "size": [1580, 10],
                "color": [30, 160, 240],
                "update": ["pos"]
            }
        ],
        "obstacle": [
            {
                "name": "o-wall-top",
                "pos": [0, 0],
                "size": [4000, 50],
                "color": [0, 0, 128]
            },
            {
                "name": "o-wall-bottom",
                "pos": [0, 4950],
                "size": [4000, 50],
                "color": [0, 0, 128]
            },
            {
                "name": "o-wall-left",
                "pos": [0, 50],
                "size": [50, 4900],
                "color": [0, 0, 128]
            },
            {
                "name": "o-wall-right",
                "pos": [3950, 50],
                "size": [50, 4900],
                "color": [0, 0, 128]
            },
            {
                "name": "o-border-12-34",
                "pos": [250, 2400],
                "size": [3500, 50],
                "color": [0, 0, 128]
            },
            {
                "name": "o-border-1-2",
                "pos": [1975, 2450],
                "size": [50, 2300],
                "color": [0, 0, 128]
            },
            {
                "name": "o-border-3-4",
                "pos": [1975, 50],
                "size": [50, 2050],
                "color": [0, 0, 128]
            },
            {
                "name": "o-block-1",
                "pos": [70, 2415],
                "size": [180, 20],
                "color": [0, 0, 192],
                "update": ["name"]
            },
            {
                "name": "o-block-2",
                "pos": [1990, 2100],
                "size": [20, 250],
                "color": [0, 0, 192],
                "update": ["name"]
            },
            {
                "name": "o-block-3",
                "pos": [1750, 1090],
                "size": [225, 20],
                "color": [0, 0, 192],
                "update": ["name"]
            },
            {
                "name": "o1-0-0",
                "pos": [750, 4850],
                "size": [900, 100],
                "color": [0, 0, 128]
            },
            {
                "name": "o1-0-1",
                "pos": [400, 4750],
                "size": [1250, 100],
                "color": [0, 0, 128]
            },
            {
                "name": "o1-0-2",
                "pos": [580, 4650],
                "size": [1070, 100],
                "color": [0, 0, 128]
            },
            {
                "name": "o1-0-3",
                "pos": [580, 4450],
                "size": [820, 200],
                "color": [0, 0, 128]
            },
            {
                "name": "o1-0-4",
                "pos": [580, 4200],
                "size": [1070, 250],
                "color": [0, 0, 128]
            },
            {
                "name": "o1-1-0",
                "pos": [200, 4550],
                "size": [150, 50],
                "color": [0, 0, 128]
            },
            {
                "name": "o1-1-1",
                "pos": [270, 4600],
                "size": [80, 80],
                "color": [0, 0, 128]
            },
            {
                "name": "o1-1-2",
                "pos": [200, 4020],
                "size": [100, 30],
                "color": [0, 0, 128]
            },
            {
                "name": "o1-1-3",
                "pos": [200, 4050],
                "size": [250, 50],
                "color": [0, 0, 128]
            },
            {
                "name": "o1-1-4",
                "pos": [400, 4100],
                "size": [50, 200],
                "color": [0, 0, 128]
            },
            {
                "name": "o1-2-0-left",
                "pos": [50, 3648],
                "size": [150, 80],
                "color": [0, 0, 128],
                "update": ["name"]
            },
            {
                "name": "o1-2-0-right",
                "pos": [200, 3650],
                "size": [550, 80],
                "color": [0, 0, 128]
            },
            {
                "name": "o1-2-1",
                "pos": [750, 3650],
                "size": [50, 300],
                "color": [0, 0, 128]
            },
            {
                "name": "o1-2-2",
                "pos": [1000, 3900],
                "size": [100, 50],
                "color": [0, 0, 128]
            },
            {
                "name": "o1-2-3",
                "pos": [1100, 3650],
                "size": [550, 300],
                "color": [0, 0, 128]
            },
            {
                "name": "o1-3-0",
                "pos": [700, 3570],
                "size": [950, 80],
                "color": [0, 0, 128]
            },
            {
                "name": "o1-3-1",
                "pos": [1200, 3170],
                "size": [100, 400],
                "color": [0, 0, 128]
            },
            {
                "name": "o1-3-2",
                "pos": [1300, 3170],
                "size": [250, 50],
                "color": [0, 0, 128]
            },
            {
                "name": "o1-3-3",
                "pos": [1550, 3170],
                "size": [100, 400],
                "color": [0, 0, 128]
            },
            {
                "name": "o1-3-4",
                "pos": [50, 3220],
                "size": [300, 50],
                "color": [0, 0, 128]
            },
            {
                "name": "o1-3-5",
                "pos": [300, 3270],
                "size": [50, 200],
                "color": [0, 0, 128]
            },
            {
                "name": "o1-3-6",
                "pos": [350, 3420],
                "size": [400, 50],
                "color": [0, 0, 128]
            },
            {
                "name": "o1-3-7",
                "pos": [700, 3470],
                "size": [50, 100],
                "color": [0, 0, 128]
            },
            {
                "name": "o1-3-8",
                "pos": [1200, 3140],
                "size": [100, 30],
                "color": [0, 0, 128]
            },
            {
                "name": "o1-4-0-top",
                "pos": [450, 2700],
                "size": [300, 370],
                "color": [0, 0, 128]
            },
            {
                "name": "o1-4-0-bottom",
                "pos": [450, 3070],
                "size": [280, 250],
                "color": [0, 0, 128]
            },
            {
                "name": "o1-4-1",
                "pos": [450, 2450],
                "size": [50, 250],
                "color": [0, 0, 128]
            },
            {
                "name": "o1-4-2",
                "pos": [50, 2800],
                "size": [300, 250],
                "color": [0, 0, 128]
            },
            {
                "name": "o1-4-3",
                "pos": [1000, 2700],
                "size": [200, 150],
                "color": [0, 0, 128]
            },
            {
                "name": "o1-5-0",
                "pos": [1650, 2450],
                "size": [325, 350],
                "color": [0, 0, 128]
            },
            {
                "name": "o2-0-0",
                "pos": [2300, 4650],
                "size": [750, 300],
                "color": [0, 0, 128]
            },
            {
                "name": "o2-0-1",
                "pos": [3470, 4650],
                "size": [480, 300],
                "color": [0, 0, 128]
            },
            {
                "name": "o2-0-2",
                "pos": [3800, 4250],
                "size": [150, 400],
                "color": [0, 0, 128]
            },
            {
                "name": "o2-1-0",
                "pos": [2300, 4100],
                "size": [1350, 250],
                "color": [0, 0, 128]
            },
            {
                "name": "o2-1-1",
                "pos": [3100, 3800],
                "size": [550, 300],
                "color": [0, 0, 128]
            },
            {
                "name": "o2-1-2",
                "pos": [3100, 3700],
                "size": [470, 100],
                "color": [0, 0, 128]
            },
            {
                "name": "o2-1-3",
                "pos": [2300, 3450],
                "size": [1270, 250],
                "color": [0, 0, 128]
            },
            {
                "name": "o2-1-4",
                "pos": [2320, 3250],
                "size": [200, 200],
                "color": [0, 0, 128]
            },
            {
                "name": "o2-1-5",
                "pos": [3120, 3200],
                "size": [450, 250],
                "color": [0, 0, 128]
            },
            {
                "name": "o2-1-6",
                "pos": [2025, 3730],
                "size": [20, 620],
                "color": [0, 0, 128]
            },
            {
                "name": "o2-2-0",
                "pos": [2025, 2450],
                "size": [675, 250],
                "color": [0, 0, 128]
            },
            {
                "name": "o2-2-1",
                "pos": [2950, 2650],
                "size": [1000, 50],
                "color": [0, 0, 128]
            },
            {
                "name": "o2-2-2",
                "pos": [3620, 2700],
                "size": [330, 150],
                "color": [0, 0, 128]
            },
            {
                "name": "o3-0-0",
                "pos": [50, 2000],
                "size": [20, 800],
                "color": [0, 0, 128]
            },
            {
                "name": "o3-0-1",
                "pos": [400, 1700],
                "size": [200, 700],
                "color": [0, 0, 128]
            },
            {
                "name": "o3-0-2",
                "pos": [600, 2350],
                "size": [650, 50],
                "color": [0, 0, 128]
            },
            {
                "name": "o3-0-3",
                "pos": [1700, 2350],
                "size": [325, 50],
                "color": [0, 0, 128]
            },
            {
                "name": "o3-1-0",
                "pos": [800, 1400],
                "size": [200, 700],
                "color": [0, 0, 128]
            },
            {
                "name": "o3-1-1",
                "pos": [1000, 1500],
                "size": [200, 600],
                "color": [0, 0, 128]
            },
            {
                "name": "o3-1-2",
                "pos": [1200, 1600],
                "size": [200, 500],
                "color": [0, 0, 128],
                "update": ["name"]
            },
            {
                "name": "o3-1-3",
                "pos": [1400, 1700],
                "size": [300, 400],
                "color": [0, 0, 128],
                "update": ["name"]
            },
            {
                "name": "o3-1-4",
                "pos": [1700, 1450],
                "size": [275, 650],
                "color": [0, 0, 128]
            },
            {
                "name": "o3-2-0",
                "pos": [50, 1000],
                "size": [1700, 200],
                "color": [0, 0, 128]
            },
            {
                "name": "o4-0-0",
                "pos": [3300, 2100],
                "size": [300, 300],
                "color": [0, 0, 128]
            },
            {
                "name": "o4-0-1",
                "pos": [3300, 1850],
                "size": [200, 250],
                "color": [0, 0, 128]
            },
            {
                "name": "o4-0-2",
                "pos": [3300, 1650],
                "size": [300, 200],
                "color": [0, 0, 128]
            },
            {
                "name": "o4-0-3",
                "pos": [3030, 1430],
                "size": [100, 100],
                "color": [0, 0, 128]
            },
            {
                "name": "o4-0-4",
                "pos": [2800, 1200],
                "size": [100, 100],
                "color": [0, 0, 128]
            },
            {
                "name": "o4-0-5",
                "pos": [2600, 900],
                "size": [100, 100],
                "color": [0, 0, 128]
            },
            {
                "name": "o4-0-6",
                "pos": [2250, 700],
                "size": [220, 1700],
                "color": [0, 0, 128]
            },
            {
                "name": "o4-0-7",
                "pos": [2250, 450],
                "size": [40, 250],
                "color": [0, 0, 128]
            },
            {
                "name": "o4-1-0",
                "pos": [2250, 350],
                "size": [1700, 100],
                "color": [0, 0, 128]
            },
            {
                "name": "o4-1-1",
                "pos": [3200, 700],
                "size": [750, 300],
                "color": [0, 0, 128]
            },
            {
                "name": "o4-1-2",
                "pos": [2950, 700],
                "size": [250, 100],
                "color": [0, 0, 128]
            }
        ],
        "description": [
            {
                "name": "d0",
                "pos": [2770, 2550],
                "text": ["WRONG WAY!"],
                "font": ["uasquared", 25],
                "color": [128, 128, 128]
            },
            {
                "name": "d1",
                "pos": [3800, 2552],
                "text": ["JUST KIDDING"],
                "font": ["uasquared", 20],
                "color": [128, 128, 128]
            }
        ]
    }
}
