{
    "player": {
        "pos": [[40, 610]],
        "size": [30, 40],
        "color": [255, 0, 0]
    },
    "map": {
        "size": [3000, 720],
        "target": [
            {
                "name": "t0",
                "pos": [2800, 400],
                "size": [100, 250],
                "color": [240, 230, 140]
            }
        ],
        "coin" : [
            {
                "name": "c0",
                "pos": [840, 150],
                "size": [10, 10],
                "color": [255, 215, 0],
                "update": ["name"]
            },
            {
                "name": "c1",
                "pos": [480, 320],
                "size": [10, 10],
                "color": [255, 215, 0],
                "update": ["name"]
            },
            {
                "name": "c2",
                "pos": [2050, 165],
                "size": [10, 10],
                "color": [255, 215, 0],
                "update": ["name"]
            }
        ],
        "switch": [
            {
                "name": "s0",
                "pos": [1885, 585],
                "size": [30, 30],
                "color": [102, 255, 178],
                "command": {
                    "close": [
                        ["state", "open"],
                        ["color", [62, 195, 128]],
                        ["remove", "downstairs2"]
                    ],
                    "open": [
                        ["state", "open"]
                    ]
                },
                "update": ["color"]
            }
        ],
        "monster": [
            {
                "name": "mground",
                "track": [
                    {
                        "pos": [400, 600],
                        "speed": [6, 0]
                    },
                    {
                        "pos": [1000, 600],
                        "speed": [-6, 0]
                    }
                ],
                "size": [20, 30],
                "color": [50, 205, 50],
                "update": ["pos"]
            },
            {
                "name": "roundtour",
                "track": [
                    {
                        "pos": [450, 480],
                        "speed": [4,0]
                    },
                    {
                        "pos": [770,480],
                        "speed": [0,-3]
                    },
                    {
                        "pos": [770, 180],
                        "speed": [-4,0]
                    },
                    {
                        "pos": [450,180],
                        "speed": [0, 3]
                    }
                ],
                "size": [20, 30],
                "color": [50, 205, 50],
                "update": ["pos"]
            },
            {
                "name": "downstairs",
                "track": [
                    {
                        "pos": [1480, 80],
                        "speed": [5, 5]
                    },
                    {
                        "pos": [1900, 500],
                        "speed": [-5, -5]
                    }
                ],
                "size": [20, 30],
                "color": [50, 205, 50],
                "update": ["pos"]
            },
            {
                "name": "downstairs2",
                "track": [
                    {
                        "pos": [1900, 500],
                        "speed": [-5, -5]
                        
                    },
                    {
                        
                        "pos": [1480, 80],
                        "speed": [5, 5]
                    }
                ],
                "size": [20, 30],
                "color": [50, 205, 50],
                "update": ["name", "pos"]
            },
            {
                "name": "pjmon",
                "track": [
                    {
                        "pos": [0, 350],
                        "speed": [0, 0]
                    }
                ],
                "size": [400, 50],
                "color": [255, 128, 0],
                "update": ["pos"]
            }
        ],
        "elevator": [
            {
                "name": "e1",
                "track": [
                    {
                        "pos": [150, 300],
                        "speed": [0, -2]
                    },
                    {
                        "pos": [150, 60],
                        "speed": [0, 2]
                    }
                ],
                "size": [200, 30],
                "color": [0, 0, 128],
                "update": ["pos"]
            },
            {
                "name": "e2",
                "track": [
                    {
                        "pos": [800, 320],
                        "speed": [0, -2]
                    },
                    {
                        "pos": [800, 170],
                        "speed": [0, 2]
                    }
                ],
                "size": [70, 30],
                "color": [0, 0, 128],
                "update": ["pos"]
            }
        ],
        "obstacle": [
            {
                "name": "o-ground",
                "pos": [0, 650],
                "size": [3000, 70],
                "color": [0, 0, 128]
            },
            {
                "name": "o-ceil",
                "pos": [0, -10],
                "size": [3000, 10],
                "color": [0, 0, 128]
            },
            {
                "name": "o-block-jump",
                "pos": [0, 400],
                "size": [400, 40],
                "color": [0, 0, 128]
            },
            {
                "name": "o-rect-top",
                "pos": [400, 100],
                "size": [500, 30],
                "color": [0, 0, 128]
            },
            {
                "name": "o-rect-right",
                "pos": [870, 130],
                "size": [30, 390],
                "color": [0, 0, 128]
            },
            {
                "name": "o-rect-bottom",
                "pos": [490, 520],
                "size": [410, 30],
                "color": [0, 0, 128]
            },
            {
                "name": "o-rect-left",
                "pos": [400, 210],
                "size": [40, 380],
                "color": [0, 0, 128]
            },
            {
                "name": "o-rect-center",
                "pos": [530, 210],
                "size": [220,220],
                "color": [0, 0, 128]
            },
            {
                "name": "o-rect-support",
                "pos": [440, 210],
                "size": [90, 70],
                "color": [0, 0, 128]
            },
            {
                "name": "o-bam-0",
                "pos": [1200, 600],
                "size": [50, 50],
                "color": [12, 50, 124]
            },
            {
                "name": "o-bam-1",
                "pos": [1250, 500],
                "size": [50, 150],
                "color": [12, 50, 124]
            },
            {
                "name": "o-bam-2",
                "pos": [1300, 400],
                "size": [50, 250],
                "color": [12, 50, 124]
            },
            {
                "name": "o-bam-3",
                "pos": [1350, 200],
                "size": [50, 450],
                "color": [12, 50, 124]
            },
            {
                "name": "o-bam-4",
                "pos": [1400, 80],
                "size": [50, 570],
                "color": [12, 50, 124]
            },
            {
                "name": "o-bam-10",
                "pos": [1450, 150],
                "size": [50, 500],
                "color": [12, 50, 124]
            },
            {
                "name": "o-bam-11",
                "pos": [1500, 200],
                "size": [50, 450],
                "color": [12, 50, 124]
            },
            {
                "name": "o-bam-12",
                "pos": [1550, 250],
                "size": [50, 400],
                "color": [12, 50, 124]
            },
            {
                "name": "o-bam-13",
                "pos": [1600, 300],
                "size": [50, 350],
                "color": [12, 50, 124]
            },
            {
                "name": "o-bam-14",
                "pos": [1650, 350],
                "size": [50, 300],
                "color": [12, 50, 124]
            },
            {
                "name": "o-bam-15",
                "pos": [1700, 400],
                "size": [50, 250],
                "color": [12, 50, 124]
            },
            {
                "name": "o-bam-16",
                "pos": [1750, 450],
                "size": [50, 200],
                "color": [12, 50, 124]
            },
            {
                "name": "o-bam-17",
                "pos": [1800, 500],
                "size": [50, 150],
                "color": [12, 50, 124]
            },
            {
                "name": "o-bam-18",
                "pos": [1950, 550],
                "size": [50, 100],
                "color": [12, 50, 124]
            },
            {
                "name": "o-bam-19",
                "pos": [2000, 600],
                "size": [50, 50],
                "color": [12, 50, 124]
            },
            {
                "name": "o-bam-block-left",
                "pos": [1510, 0],
                "size": [190, 90],
                "color": [0, 0, 128]
            },
            {
                "name": "o-bam-block-middle",
                "pos": [1700, 0],
                "size": [300, 250],
                "color": [0, 0, 128]
            },
            {
                "name": "o-bam-block-right",
                "pos": [2000, 200],
                "size": [200, 50],
                "color": [0, 0, 128]
            }
        ]
    }
}
